2025-04-12T00:10:38.612-03:00  INFO 29541 --- [conectapro] [main] c.c.conectapro.ConectaproApplication     : Starting ConectaproApplication using Java 21.0.5 with PID 29541 (/home/charles/eclipse-workspace/conectapro/target/classes started by charles in /home/charles/eclipse-workspace/conectapro)
2025-04-12T00:10:38.615-03:00 DEBUG 29541 --- [conectapro] [main] c.c.conectapro.ConectaproApplication     : Running with Spring Boot v3.4.4, Spring v6.2.5
2025-04-12T00:10:38.616-03:00  INFO 29541 --- [conectapro] [main] c.c.conectapro.ConectaproApplication     : No active profile set, falling back to 1 default profile: "default"
2025-04-12T00:10:38.617-03:00 DEBUG 29541 --- [conectapro] [main] o.s.boot.SpringApplication               : Loading source class com.conectapro.conectapro.ConectaproApplication
2025-04-12T00:10:38.655-03:00 DEBUG 29541 --- [conectapro] [main] ConfigServletWebServerApplicationContext : Refreshing org.springframework.boot.web.servlet.context.AnnotationConfigServletWebServerApplicationContext@2449cff7
2025-04-12T00:10:38.684-03:00 DEBUG 29541 --- [conectapro] [main] o.s.b.f.s.DefaultListableBeanFactory     : Creating shared instance of singleton bean 'org.springframework.context.annotation.internalConfigurationAnnotationProcessor'
2025-04-12T00:10:38.695-03:00 DEBUG 29541 --- [conectapro] [main] o.s.b.f.s.DefaultListableBeanFactory     : Creating shared instance of singleton bean 'org.springframework.boot.autoconfigure.internalCachingMetadataReaderFactory'
2025-04-12T00:10:38.761-03:00 DEBUG 29541 --- [conectapro] [main] o.s.c.a.ClassPathBeanDefinitionScanner   : Identified candidate component class: file [/home/charles/eclipse-workspace/conectapro/target/classes/com/conectapro/conectapro/PasswordService.class]
2025-04-12T00:10:38.770-03:00 DEBUG 29541 --- [conectapro] [main] o.s.c.a.ClassPathBeanDefinitionScanner   : Identified candidate component class: file [/home/charles/eclipse-workspace/conectapro/target/classes/com/conectapro/conectapro/controller/LoginController.class]
2025-04-12T00:10:38.773-03:00 DEBUG 29541 --- [conectapro] [main] o.s.c.a.ClassPathBeanDefinitionScanner   : Identified candidate component class: file [/home/charles/eclipse-workspace/conectapro/target/classes/com/conectapro/conectapro/service/JwtService.class]
2025-04-12T00:10:38.773-03:00 DEBUG 29541 --- [conectapro] [main] o.s.c.a.ClassPathBeanDefinitionScanner   : Identified candidate component class: file [/home/charles/eclipse-workspace/conectapro/target/classes/com/conectapro/conectapro/service/UserService.class]
2025-04-12T00:10:38.919-03:00 DEBUG 29541 --- [conectapro] [RMI TCP Connection(2)-127.0.0.1] sun.rmi.transport.tcp                    : RMI TCP Connection(2)-127.0.0.1: (port 36697) op = 82
2025-04-12T00:10:38.920-03:00 DEBUG 29541 --- [conectapro] [RMI TCP Connection(2)-127.0.0.1] sun.rmi.transport.tcp                    : RMI TCP Connection(2)-127.0.0.1: (port 36697) op = 80
2025-04-12T00:10:38.921-03:00 DEBUG 29541 --- [conectapro] [RMI TCP Connection(2)-127.0.0.1] sun.rmi.loader                           : RMI TCP Connection(2)-127.0.0.1: name = "javax.management.ObjectName", codebase = ""
2025-04-12T00:10:38.921-03:00 DEBUG 29541 --- [conectapro] [RMI TCP Connection(2)-127.0.0.1] javax.management.remote.rmi              : connectionId=rmi://127.0.0.1  1, name=org.springframework.boot:type=Admin,name=SpringApplication, attribute=Ready
2025-04-12T00:10:38.922-03:00 DEBUG 29541 --- [conectapro] [RMI TCP Connection(2)-127.0.0.1] sun.rmi.server.call                      : RMI TCP Connection(2)-127.0.0.1: [127.0.0.1] exception: 

javax.management.InstanceNotFoundException: org.springframework.boot:type=Admin,name=SpringApplication
	at java.management/com.sun.jmx.interceptor.DefaultMBeanServerInterceptor.getMBean(DefaultMBeanServerInterceptor.java:1073) ~[na:na]
	at java.management/com.sun.jmx.interceptor.DefaultMBeanServerInterceptor.getAttribute(DefaultMBeanServerInterceptor.java:632) ~[na:na]
	at java.management/com.sun.jmx.mbeanserver.JmxMBeanServer.getAttribute(JmxMBeanServer.java:679) ~[na:na]
	at java.management.rmi/javax.management.remote.rmi.RMIConnectionImpl.doOperation(RMIConnectionImpl.java:1449) ~[na:na]
	at java.management.rmi/javax.management.remote.rmi.RMIConnectionImpl$PrivilegedOperation.run(RMIConnectionImpl.java:1310) ~[na:na]
	at java.management.rmi/javax.management.remote.rmi.RMIConnectionImpl.doPrivilegedOperation(RMIConnectionImpl.java:1405) ~[na:na]
	at java.management.rmi/javax.management.remote.rmi.RMIConnectionImpl.getAttribute(RMIConnectionImpl.java:639) ~[na:na]
	at java.base/jdk.internal.reflect.DirectMethodHandleAccessor.invoke(DirectMethodHandleAccessor.java:103) ~[na:na]
	at java.base/java.lang.reflect.Method.invoke(Method.java:580) ~[na:na]
	at java.rmi/sun.rmi.server.UnicastServerRef.dispatch(UnicastServerRef.java:360) ~[na:na]
	at java.rmi/sun.rmi.transport.Transport$1.run(Transport.java:200) ~[na:na]
	at java.rmi/sun.rmi.transport.Transport$1.run(Transport.java:197) ~[na:na]
	at java.base/java.security.AccessController.doPrivileged(AccessController.java:714) ~[na:na]
	at java.rmi/sun.rmi.transport.Transport.serviceCall(Transport.java:196) ~[na:na]
	at java.rmi/sun.rmi.transport.tcp.TCPTransport.handleMessages(TCPTransport.java:598) ~[na:na]
	at java.rmi/sun.rmi.transport.tcp.TCPTransport$ConnectionHandler.run0(TCPTransport.java:844) ~[na:na]
	at java.rmi/sun.rmi.transport.tcp.TCPTransport$ConnectionHandler.lambda$run$0(TCPTransport.java:721) ~[na:na]
	at java.base/java.security.AccessController.doPrivileged(AccessController.java:400) ~[na:na]
	at java.rmi/sun.rmi.transport.tcp.TCPTransport$ConnectionHandler.run(TCPTransport.java:720) ~[na:na]
	at java.base/java.util.concurrent.ThreadPoolExecutor.runWorker(ThreadPoolExecutor.java:1144) ~[na:na]
	at java.base/java.util.concurrent.ThreadPoolExecutor$Worker.run(ThreadPoolExecutor.java:642) ~[na:na]
	at java.base/java.lang.Thread.run(Thread.java:1583) ~[na:na]

2025-04-12T00:10:39.132-03:00  INFO 29541 --- [conectapro] [main] .s.d.r.c.RepositoryConfigurationDelegate : Bootstrapping Spring Data JPA repositories in DEFAULT mode.
2025-04-12T00:10:39.139-03:00 DEBUG 29541 --- [conectapro] [main] o.s.b.f.s.DefaultListableBeanFactory     : Creating shared instance of singleton bean 'org.springframework.boot.autoconfigure.AutoConfigurationPackages'
2025-04-12T00:10:39.145-03:00 DEBUG 29541 --- [conectapro] [main] o.s.b.a.AutoConfigurationPackages        : @EnableAutoConfiguration was declared on a class in the package 'com.conectapro.conectapro'. Automatic @Repository and @Entity scanning is enabled.
2025-04-12T00:10:39.146-03:00 DEBUG 29541 --- [conectapro] [main] .s.d.r.c.RepositoryConfigurationDelegate : Scanning for JPA repositories in packages com.conectapro.conectapro.
2025-04-12T00:10:39.153-03:00 DEBUG 29541 --- [conectapro] [main] o.s.d.r.c.RepositoryComponentProvider    : Identified candidate component class: file [/home/charles/eclipse-workspace/conectapro/target/classes/com/conectapro/conectapro/repository/UserRepository.class]
2025-04-12T00:10:39.175-03:00  INFO 29541 --- [conectapro] [main] .s.d.r.c.RepositoryConfigurationDelegate : Finished Spring Data repository scanning in 27 ms. Found 1 JPA repository interface.
2025-04-12T00:10:39.229-03:00 DEBUG 29541 --- [conectapro] [main] o.s.b.f.s.DefaultListableBeanFactory     : Creating shared instance of singleton bean 'propertySourcesPlaceholderConfigurer'
2025-04-12T00:10:39.234-03:00 DEBUG 29541 --- [conectapro] [main] o.s.b.f.s.DefaultListableBeanFactory     : Creating shared instance of singleton bean 'emBeanDefinitionRegistrarPostProcessor'
2025-04-12T00:10:39.234-03:00 DEBUG 29541 --- [conectapro] [main] o.s.b.f.s.DefaultListableBeanFactory     : Creating shared instance of singleton bean 'org.springframework.boot.sql.init.dependency.DatabaseInitializationDependencyConfigurer$DependsOnDatabaseInitializationPostProcessor'
2025-04-12T00:10:39.253-03:00 DEBUG 29541 --- [conectapro] [main] o.s.b.f.s.DefaultListableBeanFactory     : Creating shared instance of singleton bean 'org.springframework.context.event.internalEventListenerProcessor'
2025-04-12T00:10:39.254-03:00 DEBUG 29541 --- [conectapro] [main] o.s.b.f.s.DefaultListableBeanFactory     : Creating shared instance of singleton bean 'preserveErrorControllerTargetClassPostProcessor'
2025-04-12T00:10:39.255-03:00 DEBUG 29541 --- [conectapro] [main] o.s.b.f.s.DefaultListableBeanFactory     : Creating shared instance of singleton bean 'org.springframework.context.event.internalEventListenerFactory'
2025-04-12T00:10:39.255-03:00 DEBUG 29541 --- [conectapro] [main] o.s.b.f.s.DefaultListableBeanFactory     : Creating shared instance of singleton bean 'org.springframework.transaction.config.internalTransactionalEventListenerFactory'
2025-04-12T00:10:39.257-03:00 DEBUG 29541 --- [conectapro] [main] o.s.b.f.s.DefaultListableBeanFactory     : Creating shared instance of singleton bean 'org.springframework.context.annotation.internalAutowiredAnnotationProcessor'
2025-04-12T00:10:39.259-03:00 DEBUG 29541 --- [conectapro] [main] o.s.b.f.s.DefaultListableBeanFactory     : Creating shared instance of singleton bean 'org.springframework.context.annotation.internalCommonAnnotationProcessor'
2025-04-12T00:10:39.262-03:00 DEBUG 29541 --- [conectapro] [main] o.s.b.f.s.DefaultListableBeanFactory     : Creating shared instance of singleton bean 'org.springframework.context.annotation.internalPersistenceAnnotationProcessor'
2025-04-12T00:10:39.262-03:00 DEBUG 29541 --- [conectapro] [main] o.s.b.f.s.DefaultListableBeanFactory     : Creating shared instance of singleton bean 'org.springframework.boot.context.properties.ConfigurationPropertiesBindingPostProcessor'
2025-04-12T00:10:39.262-03:00 DEBUG 29541 --- [conectapro] [main] o.s.b.f.s.DefaultListableBeanFactory     : Creating shared instance of singleton bean 'org.springframework.boot.context.internalConfigurationPropertiesBinder'
2025-04-12T00:10:39.264-03:00 DEBUG 29541 --- [conectapro] [main] o.s.b.f.s.DefaultListableBeanFactory     : Creating shared instance of singleton bean 'jdbcConnectionDetailsHikariBeanPostProcessor'
2025-04-12T00:10:39.266-03:00 DEBUG 29541 --- [conectapro] [main] o.s.b.f.s.DefaultListableBeanFactory     : Creating shared instance of singleton bean 'org.springframework.aop.config.internalAutoProxyCreator'
2025-04-12T00:10:39.283-03:00 DEBUG 29541 --- [conectapro] [main] o.s.b.f.s.DefaultListableBeanFactory     : Creating shared instance of singleton bean 'persistenceExceptionTranslationPostProcessor'
2025-04-12T00:10:39.285-03:00 DEBUG 29541 --- [conectapro] [main] o.s.b.f.s.DefaultListableBeanFactory     : Autowiring by type from bean name 'persistenceExceptionTranslationPostProcessor' via factory method to bean named 'environment'
2025-04-12T00:10:39.288-03:00 DEBUG 29541 --- [conectapro] [main] o.s.b.f.s.DefaultListableBeanFactory     : Creating shared instance of singleton bean 'webServerFactoryCustomizerBeanPostProcessor'
2025-04-12T00:10:39.289-03:00 DEBUG 29541 --- [conectapro] [main] o.s.b.f.s.DefaultListableBeanFactory     : Creating shared instance of singleton bean 'errorPageRegistrarBeanPostProcessor'
2025-04-12T00:10:39.289-03:00 DEBUG 29541 --- [conectapro] [main] o.s.b.f.s.DefaultListableBeanFactory     : Creating shared instance of singleton bean 'projectingArgumentResolverBeanPostProcessor'
2025-04-12T00:10:39.290-03:00 DEBUG 29541 --- [conectapro] [main] o.s.b.f.s.DefaultListableBeanFactory     : Creating shared instance of singleton bean 'org.springframework.transaction.config.internalTransactionAdvisor'
2025-04-12T00:10:39.290-03:00 DEBUG 29541 --- [conectapro] [main] o.s.b.f.s.DefaultListableBeanFactory     : Creating shared instance of singleton bean 'org.springframework.transaction.annotation.ProxyTransactionManagementConfiguration'
2025-04-12T00:10:39.303-03:00 DEBUG 29541 --- [conectapro] [main] o.s.b.f.s.DefaultListableBeanFactory     : Creating shared instance of singleton bean 'transactionAttributeSource'
2025-04-12T00:10:39.306-03:00 DEBUG 29541 --- [conectapro] [main] o.s.b.f.s.DefaultListableBeanFactory     : Creating shared instance of singleton bean 'transactionInterceptor'
2025-04-12T00:10:39.307-03:00 DEBUG 29541 --- [conectapro] [main] o.s.b.f.s.DefaultListableBeanFactory     : Autowiring by type from bean name 'transactionInterceptor' via factory method to bean named 'transactionAttributeSource'
2025-04-12T00:10:39.310-03:00 DEBUG 29541 --- [conectapro] [main] o.s.b.f.s.DefaultListableBeanFactory     : Autowiring by type from bean name 'org.springframework.transaction.config.internalTransactionAdvisor' via factory method to bean named 'transactionAttributeSource'
2025-04-12T00:10:39.310-03:00 DEBUG 29541 --- [conectapro] [main] o.s.b.f.s.DefaultListableBeanFactory     : Autowiring by type from bean name 'org.springframework.transaction.config.internalTransactionAdvisor' via factory method to bean named 'transactionInterceptor'
2025-04-12T00:10:39.323-03:00 DEBUG 29541 --- [conectapro] [main] o.s.u.c.s.UiApplicationContextUtils      : Unable to locate ThemeSource with name 'themeSource': using default [org.springframework.ui.context.support.ResourceBundleThemeSource@43d3aba5]
2025-04-12T00:10:39.324-03:00 DEBUG 29541 --- [conectapro] [main] o.s.b.f.s.DefaultListableBeanFactory     : Creating shared instance of singleton bean 'tomcatServletWebServerFactory'
2025-04-12T00:10:39.324-03:00 DEBUG 29541 --- [conectapro] [main] o.s.b.f.s.DefaultListableBeanFactory     : Creating shared instance of singleton bean 'org.springframework.boot.autoconfigure.web.servlet.ServletWebServerFactoryConfiguration$EmbeddedTomcat'
2025-04-12T00:10:39.341-03:00 DEBUG 29541 --- [conectapro] [main] o.s.b.f.s.DefaultListableBeanFactory     : Creating shared instance of singleton bean 'websocketServletWebServerCustomizer'
2025-04-12T00:10:39.341-03:00 DEBUG 29541 --- [conectapro] [main] o.s.b.f.s.DefaultListableBeanFactory     : Creating shared instance of singleton bean 'org.springframework.boot.autoconfigure.websocket.servlet.WebSocketServletAutoConfiguration$TomcatWebSocketConfiguration'
2025-04-12T00:10:39.343-03:00 DEBUG 29541 --- [conectapro] [main] o.s.b.f.s.DefaultListableBeanFactory     : Creating shared instance of singleton bean 'servletWebServerFactoryCustomizer'
2025-04-12T00:10:39.343-03:00 DEBUG 29541 --- [conectapro] [main] o.s.b.f.s.DefaultListableBeanFactory     : Creating shared instance of singleton bean 'org.springframework.boot.autoconfigure.web.servlet.ServletWebServerFactoryAutoConfiguration'
2025-04-12T00:10:39.344-03:00 DEBUG 29541 --- [conectapro] [main] o.s.b.f.s.DefaultListableBeanFactory     : Creating shared instance of singleton bean 'server-org.springframework.boot.autoconfigure.web.ServerProperties'
2025-04-12T00:10:39.351-03:00 DEBUG 29541 --- [conectapro] [main] o.s.b.f.s.DefaultListableBeanFactory     : Creating shared instance of singleton bean 'org.springframework.boot.context.properties.BoundConfigurationProperties'
2025-04-12T00:10:39.363-03:00 DEBUG 29541 --- [conectapro] [main] o.s.b.f.s.DefaultListableBeanFactory     : Autowiring by type from bean name 'servletWebServerFactoryCustomizer' via factory method to bean named 'server-org.springframework.boot.autoconfigure.web.ServerProperties'
2025-04-12T00:10:39.365-03:00 DEBUG 29541 --- [conectapro] [main] o.s.b.f.s.DefaultListableBeanFactory     : Creating shared instance of singleton bean 'sslBundleRegistry'
2025-04-12T00:10:39.366-03:00 DEBUG 29541 --- [conectapro] [main] o.s.b.f.s.DefaultListableBeanFactory     : Creating shared instance of singleton bean 'org.springframework.boot.autoconfigure.ssl.SslAutoConfiguration'
2025-04-12T00:10:39.366-03:00 DEBUG 29541 --- [conectapro] [main] o.s.b.f.s.DefaultListableBeanFactory     : Creating shared instance of singleton bean 'spring.ssl-org.springframework.boot.autoconfigure.ssl.SslProperties'
2025-04-12T00:10:39.368-03:00 DEBUG 29541 --- [conectapro] [main] o.s.b.f.s.DefaultListableBeanFactory     : Autowiring by type from bean name 'org.springframework.boot.autoconfigure.ssl.SslAutoConfiguration' via constructor to bean named 'org.springframework.boot.web.servlet.context.AnnotationConfigServletWebServerApplicationContext@2449cff7'
2025-04-12T00:10:39.368-03:00 DEBUG 29541 --- [conectapro] [main] o.s.b.f.s.DefaultListableBeanFactory     : Autowiring by type from bean name 'org.springframework.boot.autoconfigure.ssl.SslAutoConfiguration' via constructor to bean named 'spring.ssl-org.springframework.boot.autoconfigure.ssl.SslProperties'
2025-04-12T00:10:39.371-03:00 DEBUG 29541 --- [conectapro] [main] o.s.b.f.s.DefaultListableBeanFactory     : Creating shared instance of singleton bean 'sslPropertiesSslBundleRegistrar'
2025-04-12T00:10:39.371-03:00 DEBUG 29541 --- [conectapro] [main] o.s.b.f.s.DefaultListableBeanFactory     : Creating shared instance of singleton bean 'fileWatcher'
2025-04-12T00:10:39.373-03:00 DEBUG 29541 --- [conectapro] [main] o.s.b.f.s.DefaultListableBeanFactory     : Autowiring by type from bean name 'sslPropertiesSslBundleRegistrar' via factory method to bean named 'fileWatcher'
2025-04-12T00:10:39.378-03:00 DEBUG 29541 --- [conectapro] [main] o.s.b.f.s.DefaultListableBeanFactory     : Creating shared instance of singleton bean 'tomcatServletWebServerFactoryCustomizer'
2025-04-12T00:10:39.378-03:00 DEBUG 29541 --- [conectapro] [main] o.s.b.f.s.DefaultListableBeanFactory     : Autowiring by type from bean name 'tomcatServletWebServerFactoryCustomizer' via factory method to bean named 'server-org.springframework.boot.autoconfigure.web.ServerProperties'
2025-04-12T00:10:39.379-03:00 DEBUG 29541 --- [conectapro] [main] o.s.b.f.s.DefaultListableBeanFactory     : Creating shared instance of singleton bean 'tomcatWebServerFactoryCustomizer'
2025-04-12T00:10:39.379-03:00 DEBUG 29541 --- [conectapro] [main] o.s.b.f.s.DefaultListableBeanFactory     : Creating shared instance of singleton bean 'org.springframework.boot.autoconfigure.web.embedded.EmbeddedWebServerFactoryCustomizerAutoConfiguration$TomcatWebServerFactoryCustomizerConfiguration'
2025-04-12T00:10:39.381-03:00 DEBUG 29541 --- [conectapro] [main] o.s.b.f.s.DefaultListableBeanFactory     : Autowiring by type from bean name 'tomcatWebServerFactoryCustomizer' via factory method to bean named 'environment'
2025-04-12T00:10:39.381-03:00 DEBUG 29541 --- [conectapro] [main] o.s.b.f.s.DefaultListableBeanFactory     : Autowiring by type from bean name 'tomcatWebServerFactoryCustomizer' via factory method to bean named 'server-org.springframework.boot.autoconfigure.web.ServerProperties'
2025-04-12T00:10:39.382-03:00 DEBUG 29541 --- [conectapro] [main] o.s.b.f.s.DefaultListableBeanFactory     : Creating shared instance of singleton bean 'localeCharsetMappingsCustomizer'
2025-04-12T00:10:39.383-03:00 DEBUG 29541 --- [conectapro] [main] o.s.b.f.s.DefaultListableBeanFactory     : Creating shared instance of singleton bean 'org.springframework.boot.autoconfigure.web.servlet.HttpEncodingAutoConfiguration'
2025-04-12T00:10:39.383-03:00 DEBUG 29541 --- [conectapro] [main] o.s.b.f.s.DefaultListableBeanFactory     : Autowiring by type from bean name 'org.springframework.boot.autoconfigure.web.servlet.HttpEncodingAutoConfiguration' via constructor to bean named 'server-org.springframework.boot.autoconfigure.web.ServerProperties'
2025-04-12T00:10:39.399-03:00 DEBUG 29541 --- [conectapro] [main] o.a.catalina.core.AprLifecycleListener   : The Apache Tomcat Native library could not be found using names [tcnative-2, libtcnative-2, tcnative-1, libtcnative-1] on the java.library.path [/usr/java/packages/lib:/usr/lib/x86_64-linux-gnu/jni:/lib/x86_64-linux-gnu:/usr/lib/x86_64-linux-gnu:/usr/lib/jni:/lib:/usr/lib]. The errors reported were [Can't load library: /home/charles/eclipse-workspace/conectapro/bin/libtcnative-2.so, Can't load library: /home/charles/eclipse-workspace/conectapro/bin/liblibtcnative-2.so, Can't load library: /home/charles/eclipse-workspace/conectapro/bin/libtcnative-1.so, Can't load library: /home/charles/eclipse-workspace/conectapro/bin/liblibtcnative-1.so, no tcnative-2 in java.library.path: /usr/java/packages/lib:/usr/lib/x86_64-linux-gnu/jni:/lib/x86_64-linux-gnu:/usr/lib/x86_64-linux-gnu:/usr/lib/jni:/lib:/usr/lib, no libtcnative-2 in java.library.path: /usr/java/packages/lib:/usr/lib/x86_64-linux-gnu/jni:/lib/x86_64-linux-gnu:/usr/lib/x86_64-linux-gnu:/usr/lib/jni:/lib:/usr/lib, no tcnative-1 in java.library.path: /usr/java/packages/lib:/usr/lib/x86_64-linux-gnu/jni:/lib/x86_64-linux-gnu:/usr/lib/x86_64-linux-gnu:/usr/lib/jni:/lib:/usr/lib, no libtcnative-1 in java.library.path: /usr/java/packages/lib:/usr/lib/x86_64-linux-gnu/jni:/lib/x86_64-linux-gnu:/usr/lib/x86_64-linux-gnu:/usr/lib/jni:/lib:/usr/lib]

org.apache.tomcat.jni.LibraryNotFoundError: Can't load library: /home/charles/eclipse-workspace/conectapro/bin/libtcnative-2.so, Can't load library: /home/charles/eclipse-workspace/conectapro/bin/liblibtcnative-2.so, Can't load library: /home/charles/eclipse-workspace/conectapro/bin/libtcnative-1.so, Can't load library: /home/charles/eclipse-workspace/conectapro/bin/liblibtcnative-1.so, no tcnative-2 in java.library.path: /usr/java/packages/lib:/usr/lib/x86_64-linux-gnu/jni:/lib/x86_64-linux-gnu:/usr/lib/x86_64-linux-gnu:/usr/lib/jni:/lib:/usr/lib, no libtcnative-2 in java.library.path: /usr/java/packages/lib:/usr/lib/x86_64-linux-gnu/jni:/lib/x86_64-linux-gnu:/usr/lib/x86_64-linux-gnu:/usr/lib/jni:/lib:/usr/lib, no tcnative-1 in java.library.path: /usr/java/packages/lib:/usr/lib/x86_64-linux-gnu/jni:/lib/x86_64-linux-gnu:/usr/lib/x86_64-linux-gnu:/usr/lib/jni:/lib:/usr/lib, no libtcnative-1 in java.library.path: /usr/java/packages/lib:/usr/lib/x86_64-linux-gnu/jni:/lib/x86_64-linux-gnu:/usr/lib/x86_64-linux-gnu:/usr/lib/jni:/lib:/usr/lib
	at org.apache.tomcat.jni.Library.<init>(Library.java:91) ~[tomcat-embed-core-10.1.39.jar:10.1.39]
	at org.apache.tomcat.jni.Library.initialize(Library.java:147) ~[tomcat-embed-core-10.1.39.jar:10.1.39]
	at org.apache.catalina.core.AprLifecycleListener.init(AprLifecycleListener.java:211) ~[tomcat-embed-core-10.1.39.jar:10.1.39]
	at org.apache.catalina.core.AprLifecycleListener.isAprAvailable(AprLifecycleListener.java:113) ~[tomcat-embed-core-10.1.39.jar:10.1.39]
	at org.springframework.boot.autoconfigure.web.servlet.TomcatServletWebServerFactoryCustomizer.isAprAvailable(TomcatServletWebServerFactoryCustomizer.java:90) ~[spring-boot-autoconfigure-3.4.4.jar:3.4.4]
	at org.springframework.boot.autoconfigure.web.servlet.TomcatServletWebServerFactoryCustomizer.getUseApr(TomcatServletWebServerFactoryCustomizer.java:81) ~[spring-boot-autoconfigure-3.4.4.jar:3.4.4]
	at org.springframework.boot.autoconfigure.web.servlet.TomcatServletWebServerFactoryCustomizer.customize(TomcatServletWebServerFactoryCustomizer.java:63) ~[spring-boot-autoconfigure-3.4.4.jar:3.4.4]
	at org.springframework.boot.autoconfigure.web.servlet.TomcatServletWebServerFactoryCustomizer.customize(TomcatServletWebServerFactoryCustomizer.java:38) ~[spring-boot-autoconfigure-3.4.4.jar:3.4.4]
	at org.springframework.boot.web.server.WebServerFactoryCustomizerBeanPostProcessor.lambda$postProcessBeforeInitialization$0(WebServerFactoryCustomizerBeanPostProcessor.java:72) ~[spring-boot-3.4.4.jar:3.4.4]
	at org.springframework.boot.util.LambdaSafe$Callbacks.lambda$invoke$0(LambdaSafe.java:287) ~[spring-boot-3.4.4.jar:3.4.4]
	at org.springframework.boot.util.LambdaSafe$LambdaSafeCallback.invoke(LambdaSafe.java:159) ~[spring-boot-3.4.4.jar:3.4.4]
	at org.springframework.boot.util.LambdaSafe$Callbacks.lambda$invoke$1(LambdaSafe.java:286) ~[spring-boot-3.4.4.jar:3.4.4]
	at java.base/java.util.ArrayList.forEach(ArrayList.java:1596) ~[na:na]
	at java.base/java.util.Collections$UnmodifiableCollection.forEach(Collections.java:1116) ~[na:na]
	at org.springframework.boot.util.LambdaSafe$Callbacks.invoke(LambdaSafe.java:286) ~[spring-boot-3.4.4.jar:3.4.4]
	at org.springframework.boot.web.server.WebServerFactoryCustomizerBeanPostProcessor.postProcessBeforeInitialization(WebServerFactoryCustomizerBeanPostProcessor.java:72) ~[spring-boot-3.4.4.jar:3.4.4]
	at org.springframework.boot.web.server.WebServerFactoryCustomizerBeanPostProcessor.postProcessBeforeInitialization(WebServerFactoryCustomizerBeanPostProcessor.java:58) ~[spring-boot-3.4.4.jar:3.4.4]
	at org.springframework.beans.factory.support.AbstractAutowireCapableBeanFactory.applyBeanPostProcessorsBeforeInitialization(AbstractAutowireCapableBeanFactory.java:423) ~[spring-beans-6.2.5.jar:6.2.5]
	at org.springframework.beans.factory.support.AbstractAutowireCapableBeanFactory.initializeBean(AbstractAutowireCapableBeanFactory.java:1804) ~[spring-beans-6.2.5.jar:6.2.5]
	at org.springframework.beans.factory.support.AbstractAutowireCapableBeanFactory.doCreateBean(AbstractAutowireCapableBeanFactory.java:601) ~[spring-beans-6.2.5.jar:6.2.5]
	at org.springframework.beans.factory.support.AbstractAutowireCapableBeanFactory.createBean(AbstractAutowireCapableBeanFactory.java:523) ~[spring-beans-6.2.5.jar:6.2.5]
	at org.springframework.beans.factory.support.AbstractBeanFactory.lambda$doGetBean$0(AbstractBeanFactory.java:339) ~[spring-beans-6.2.5.jar:6.2.5]
	at org.springframework.beans.factory.support.DefaultSingletonBeanRegistry.getSingleton(DefaultSingletonBeanRegistry.java:347) ~[spring-beans-6.2.5.jar:6.2.5]
	at org.springframework.beans.factory.support.AbstractBeanFactory.doGetBean(AbstractBeanFactory.java:337) ~[spring-beans-6.2.5.jar:6.2.5]
	at org.springframework.beans.factory.support.AbstractBeanFactory.getBean(AbstractBeanFactory.java:207) ~[spring-beans-6.2.5.jar:6.2.5]
	at org.springframework.boot.web.servlet.context.ServletWebServerApplicationContext.getWebServerFactory(ServletWebServerApplicationContext.java:228) ~[spring-boot-3.4.4.jar:3.4.4]
	at org.springframework.boot.web.servlet.context.ServletWebServerApplicationContext.createWebServer(ServletWebServerApplicationContext.java:191) ~[spring-boot-3.4.4.jar:3.4.4]
	at org.springframework.boot.web.servlet.context.ServletWebServerApplicationContext.onRefresh(ServletWebServerApplicationContext.java:167) ~[spring-boot-3.4.4.jar:3.4.4]
	at org.springframework.context.support.AbstractApplicationContext.refresh(AbstractApplicationContext.java:621) ~[spring-context-6.2.5.jar:6.2.5]
	at org.springframework.boot.web.servlet.context.ServletWebServerApplicationContext.refresh(ServletWebServerApplicationContext.java:146) ~[spring-boot-3.4.4.jar:3.4.4]
	at org.springframework.boot.SpringApplication.refresh(SpringApplication.java:752) ~[spring-boot-3.4.4.jar:3.4.4]
	at org.springframework.boot.SpringApplication.refreshContext(SpringApplication.java:439) ~[spring-boot-3.4.4.jar:3.4.4]
	at org.springframework.boot.SpringApplication.run(SpringApplication.java:318) ~[spring-boot-3.4.4.jar:3.4.4]
	at org.springframework.boot.SpringApplication.run(SpringApplication.java:1361) ~[spring-boot-3.4.4.jar:3.4.4]
	at org.springframework.boot.SpringApplication.run(SpringApplication.java:1350) ~[spring-boot-3.4.4.jar:3.4.4]
	at com.conectapro.conectapro.ConectaproApplication.main(ConectaproApplication.java:10) ~[classes/:na]

2025-04-12T00:10:39.411-03:00 DEBUG 29541 --- [conectapro] [main] o.s.b.f.s.DefaultListableBeanFactory     : Creating shared instance of singleton bean 'errorPageCustomizer'
2025-04-12T00:10:39.411-03:00 DEBUG 29541 --- [conectapro] [main] o.s.b.f.s.DefaultListableBeanFactory     : Creating shared instance of singleton bean 'org.springframework.boot.autoconfigure.web.servlet.error.ErrorMvcAutoConfiguration'
2025-04-12T00:10:39.412-03:00 DEBUG 29541 --- [conectapro] [main] o.s.b.f.s.DefaultListableBeanFactory     : Autowiring by type from bean name 'org.springframework.boot.autoconfigure.web.servlet.error.ErrorMvcAutoConfiguration' via constructor to bean named 'server-org.springframework.boot.autoconfigure.web.ServerProperties'
2025-04-12T00:10:39.412-03:00 DEBUG 29541 --- [conectapro] [main] o.s.b.f.s.DefaultListableBeanFactory     : Creating shared instance of singleton bean 'dispatcherServletRegistration'
2025-04-12T00:10:39.412-03:00 DEBUG 29541 --- [conectapro] [main] o.s.b.f.s.DefaultListableBeanFactory     : Creating shared instance of singleton bean 'org.springframework.boot.autoconfigure.web.servlet.DispatcherServletAutoConfiguration$DispatcherServletRegistrationConfiguration'
2025-04-12T00:10:39.413-03:00 DEBUG 29541 --- [conectapro] [main] o.s.b.f.s.DefaultListableBeanFactory     : Creating shared instance of singleton bean 'dispatcherServlet'
2025-04-12T00:10:39.413-03:00 DEBUG 29541 --- [conectapro] [main] o.s.b.f.s.DefaultListableBeanFactory     : Creating shared instance of singleton bean 'org.springframework.boot.autoconfigure.web.servlet.DispatcherServletAutoConfiguration$DispatcherServletConfiguration'
2025-04-12T00:10:39.413-03:00 DEBUG 29541 --- [conectapro] [main] o.s.b.f.s.DefaultListableBeanFactory     : Creating shared instance of singleton bean 'spring.mvc-org.springframework.boot.autoconfigure.web.servlet.WebMvcProperties'
2025-04-12T00:10:39.417-03:00 DEBUG 29541 --- [conectapro] [main] o.s.b.f.s.DefaultListableBeanFactory     : Autowiring by type from bean name 'dispatcherServlet' via factory method to bean named 'spring.mvc-org.springframework.boot.autoconfigure.web.servlet.WebMvcProperties'
2025-04-12T00:10:39.426-03:00 DEBUG 29541 --- [conectapro] [main] o.s.b.f.s.DefaultListableBeanFactory     : Autowiring by type from bean name 'dispatcherServletRegistration' via factory method to bean named 'dispatcherServlet'
2025-04-12T00:10:39.426-03:00 DEBUG 29541 --- [conectapro] [main] o.s.b.f.s.DefaultListableBeanFactory     : Autowiring by type from bean name 'dispatcherServletRegistration' via factory method to bean named 'spring.mvc-org.springframework.boot.autoconfigure.web.servlet.WebMvcProperties'
2025-04-12T00:10:39.428-03:00 DEBUG 29541 --- [conectapro] [main] o.s.b.f.s.DefaultListableBeanFactory     : Creating shared instance of singleton bean 'multipartConfigElement'
2025-04-12T00:10:39.428-03:00 DEBUG 29541 --- [conectapro] [main] o.s.b.f.s.DefaultListableBeanFactory     : Creating shared instance of singleton bean 'org.springframework.boot.autoconfigure.web.servlet.MultipartAutoConfiguration'
2025-04-12T00:10:39.428-03:00 DEBUG 29541 --- [conectapro] [main] o.s.b.f.s.DefaultListableBeanFactory     : Creating shared instance of singleton bean 'spring.servlet.multipart-org.springframework.boot.autoconfigure.web.servlet.MultipartProperties'
2025-04-12T00:10:39.431-03:00 DEBUG 29541 --- [conectapro] [main] o.s.b.f.s.DefaultListableBeanFactory     : Autowiring by type from bean name 'org.springframework.boot.autoconfigure.web.servlet.MultipartAutoConfiguration' via constructor to bean named 'spring.servlet.multipart-org.springframework.boot.autoconfigure.web.servlet.MultipartProperties'
2025-04-12T00:10:39.435-03:00 DEBUG 29541 --- [conectapro] [main] o.s.b.f.s.DefaultListableBeanFactory     : Autowiring by type from bean name 'errorPageCustomizer' via factory method to bean named 'dispatcherServletRegistration'
2025-04-12T00:10:39.435-03:00 DEBUG 29541 --- [conectapro] [RMI TCP Connection(2)-127.0.0.1] sun.rmi.transport.tcp                    : RMI TCP Connection(2)-127.0.0.1: (port 36697) op = 82
2025-04-12T00:10:39.436-03:00 DEBUG 29541 --- [conectapro] [RMI TCP Connection(2)-127.0.0.1] sun.rmi.transport.tcp                    : RMI TCP Connection(2)-127.0.0.1: (port 36697) op = 80
2025-04-12T00:10:39.436-03:00 DEBUG 29541 --- [conectapro] [RMI TCP Connection(2)-127.0.0.1] sun.rmi.loader                           : RMI TCP Connection(2)-127.0.0.1: name = "javax.management.ObjectName", codebase = ""
2025-04-12T00:10:39.436-03:00 DEBUG 29541 --- [conectapro] [RMI TCP Connection(2)-127.0.0.1] javax.management.remote.rmi              : connectionId=rmi://127.0.0.1  1, name=org.springframework.boot:type=Admin,name=SpringApplication, attribute=Ready
2025-04-12T00:10:39.437-03:00 DEBUG 29541 --- [conectapro] [RMI TCP Connection(2)-127.0.0.1] sun.rmi.server.call                      : RMI TCP Connection(2)-127.0.0.1: [127.0.0.1] exception: 

javax.management.InstanceNotFoundException: org.springframework.boot:type=Admin,name=SpringApplication
	at java.management/com.sun.jmx.interceptor.DefaultMBeanServerInterceptor.getMBean(DefaultMBeanServerInterceptor.java:1073) ~[na:na]
	at java.management/com.sun.jmx.interceptor.DefaultMBeanServerInterceptor.getAttribute(DefaultMBeanServerInterceptor.java:632) ~[na:na]
	at java.management/com.sun.jmx.mbeanserver.JmxMBeanServer.getAttribute(JmxMBeanServer.java:679) ~[na:na]
	at java.management.rmi/javax.management.remote.rmi.RMIConnectionImpl.doOperation(RMIConnectionImpl.java:1449) ~[na:na]
	at java.management.rmi/javax.management.remote.rmi.RMIConnectionImpl$PrivilegedOperation.run(RMIConnectionImpl.java:1310) ~[na:na]
	at java.management.rmi/javax.management.remote.rmi.RMIConnectionImpl.doPrivilegedOperation(RMIConnectionImpl.java:1405) ~[na:na]
	at java.management.rmi/javax.management.remote.rmi.RMIConnectionImpl.getAttribute(RMIConnectionImpl.java:639) ~[na:na]
	at java.base/jdk.internal.reflect.DirectMethodHandleAccessor.invoke(DirectMethodHandleAccessor.java:103) ~[na:na]
	at java.base/java.lang.reflect.Method.invoke(Method.java:580) ~[na:na]
	at java.rmi/sun.rmi.server.UnicastServerRef.dispatch(UnicastServerRef.java:360) ~[na:na]
	at java.rmi/sun.rmi.transport.Transport$1.run(Transport.java:200) ~[na:na]
	at java.rmi/sun.rmi.transport.Transport$1.run(Transport.java:197) ~[na:na]
	at java.base/java.security.AccessController.doPrivileged(AccessController.java:714) ~[na:na]
	at java.rmi/sun.rmi.transport.Transport.serviceCall(Transport.java:196) ~[na:na]
	at java.rmi/sun.rmi.transport.tcp.TCPTransport.handleMessages(TCPTransport.java:598) ~[na:na]
	at java.rmi/sun.rmi.transport.tcp.TCPTransport$ConnectionHandler.run0(TCPTransport.java:844) ~[na:na]
	at java.rmi/sun.rmi.transport.tcp.TCPTransport$ConnectionHandler.lambda$run$0(TCPTransport.java:721) ~[na:na]
	at java.base/java.security.AccessController.doPrivileged(AccessController.java:400) ~[na:na]
	at java.rmi/sun.rmi.transport.tcp.TCPTransport$ConnectionHandler.run(TCPTransport.java:720) ~[na:na]
	at java.base/java.util.concurrent.ThreadPoolExecutor.runWorker(ThreadPoolExecutor.java:1144) ~[na:na]
	at java.base/java.util.concurrent.ThreadPoolExecutor$Worker.run(ThreadPoolExecutor.java:642) ~[na:na]
	at java.base/java.lang.Thread.run(Thread.java:1583) ~[na:na]

2025-04-12T00:10:39.450-03:00 DEBUG 29541 --- [conectapro] [main] o.apache.tomcat.util.compat.Jre22Compat  : Class not found so assuming code is running on a pre-Java 22 JVM

java.lang.ClassNotFoundException: java.text.ListFormat
	at java.base/jdk.internal.loader.BuiltinClassLoader.loadClass(BuiltinClassLoader.java:641) ~[na:na]
	at java.base/jdk.internal.loader.ClassLoaders$AppClassLoader.loadClass(ClassLoaders.java:188) ~[na:na]
	at java.base/java.lang.ClassLoader.loadClass(ClassLoader.java:526) ~[na:na]
	at java.base/java.lang.Class.forName0(Native Method) ~[na:na]
	at java.base/java.lang.Class.forName(Class.java:421) ~[na:na]
	at java.base/java.lang.Class.forName(Class.java:412) ~[na:na]
	at org.apache.tomcat.util.compat.Jre22Compat.<clinit>(Jre22Compat.java:37) ~[tomcat-embed-core-10.1.39.jar:10.1.39]
	at org.apache.tomcat.util.compat.JreCompat.<clinit>(JreCompat.java:74) ~[tomcat-embed-core-10.1.39.jar:10.1.39]
	at org.apache.catalina.startup.Tomcat.<clinit>(Tomcat.java:1193) ~[tomcat-embed-core-10.1.39.jar:10.1.39]
	at org.springframework.boot.web.embedded.tomcat.TomcatServletWebServerFactory.getWebServer(TomcatServletWebServerFactory.java:200) ~[spring-boot-3.4.4.jar:3.4.4]
	at org.springframework.boot.web.servlet.context.ServletWebServerApplicationContext.createWebServer(ServletWebServerApplicationContext.java:193) ~[spring-boot-3.4.4.jar:3.4.4]
	at org.springframework.boot.web.servlet.context.ServletWebServerApplicationContext.onRefresh(ServletWebServerApplicationContext.java:167) ~[spring-boot-3.4.4.jar:3.4.4]
	at org.springframework.context.support.AbstractApplicationContext.refresh(AbstractApplicationContext.java:621) ~[spring-context-6.2.5.jar:6.2.5]
	at org.springframework.boot.web.servlet.context.ServletWebServerApplicationContext.refresh(ServletWebServerApplicationContext.java:146) ~[spring-boot-3.4.4.jar:3.4.4]
	at org.springframework.boot.SpringApplication.refresh(SpringApplication.java:752) ~[spring-boot-3.4.4.jar:3.4.4]
	at org.springframework.boot.SpringApplication.refreshContext(SpringApplication.java:439) ~[spring-boot-3.4.4.jar:3.4.4]
	at org.springframework.boot.SpringApplication.run(SpringApplication.java:318) ~[spring-boot-3.4.4.jar:3.4.4]
	at org.springframework.boot.SpringApplication.run(SpringApplication.java:1361) ~[spring-boot-3.4.4.jar:3.4.4]
	at org.springframework.boot.SpringApplication.run(SpringApplication.java:1350) ~[spring-boot-3.4.4.jar:3.4.4]
	at com.conectapro.conectapro.ConectaproApplication.main(ConectaproApplication.java:10) ~[classes/:na]

2025-04-12T00:10:39.486-03:00 DEBUG 29541 --- [conectapro] [main] org.apache.catalina.core.ContainerBase   : Add container child [StandardHost[localhost]] to container [StandardEngine[Tomcat]]
2025-04-12T00:10:39.487-03:00 DEBUG 29541 --- [conectapro] [main] .s.b.w.e.t.TomcatServletWebServerFactory : Code archive: /home/charles/.m2/repository/org/springframework/boot/spring-boot/3.4.4/spring-boot-3.4.4.jar
2025-04-12T00:10:39.487-03:00 DEBUG 29541 --- [conectapro] [main] .s.b.w.e.t.TomcatServletWebServerFactory : Code archive: /home/charles/.m2/repository/org/springframework/boot/spring-boot/3.4.4/spring-boot-3.4.4.jar
2025-04-12T00:10:39.487-03:00 DEBUG 29541 --- [conectapro] [main] .s.b.w.e.t.TomcatServletWebServerFactory : Document root: /home/charles/eclipse-workspace/conectapro/src/main/webapp
2025-04-12T00:10:39.509-03:00 DEBUG 29541 --- [conectapro] [main] org.apache.catalina.core.ContainerBase   : Add container child [TomcatEmbeddedContext[/app]] to container [StandardEngine[Tomcat].StandardHost[localhost]]
2025-04-12T00:10:39.512-03:00  INFO 29541 --- [conectapro] [main] o.s.b.w.embedded.tomcat.TomcatWebServer  : Tomcat initialized with port 8001 (http)
2025-04-12T00:10:39.522-03:00  INFO 29541 --- [conectapro] [main] o.apache.catalina.core.StandardService   : Starting service [Tomcat]
2025-04-12T00:10:39.522-03:00  INFO 29541 --- [conectapro] [main] o.apache.catalina.core.StandardEngine    : Starting Servlet engine: [Apache Tomcat/10.1.39]
2025-04-12T00:10:39.537-03:00 DEBUG 29541 --- [conectapro] [main] o.apache.catalina.loader.WebappLoader    : Starting this Loader
2025-04-12T00:10:39.540-03:00 DEBUG 29541 --- [conectapro] [main] org.apache.catalina.webresources.Cache   : Increased cache size by [531] for item [org.apache.catalina.webresources.CachedResource@f238e4f] at [/WEB-INF/classes] making total cache size [531]
2025-04-12T00:10:39.543-03:00 DEBUG 29541 --- [conectapro] [main] o.apache.catalina.core.StandardContext   : No manager found. Checking if cluster manager should be used. Cluster configured: [false], Application distributable: [false]
2025-04-12T00:10:39.546-03:00 DEBUG 29541 --- [conectapro] [main] o.apache.catalina.core.StandardContext   : Configured a manager of class [org.apache.catalina.session.StandardManager]
2025-04-12T00:10:39.550-03:00  INFO 29541 --- [conectapro] [main] o.a.c.c.C.[Tomcat].[localhost].[/app]    : Initializing Spring embedded WebApplicationContext
2025-04-12T00:10:39.550-03:00 DEBUG 29541 --- [conectapro] [main] w.s.c.ServletWebServerApplicationContext : Published root WebApplicationContext as ServletContext attribute with name [org.springframework.web.context.WebApplicationContext.ROOT]
2025-04-12T00:10:39.550-03:00  INFO 29541 --- [conectapro] [main] w.s.c.ServletWebServerApplicationContext : Root WebApplicationContext: initialization completed in 895 ms
2025-04-12T00:10:39.553-03:00 DEBUG 29541 --- [conectapro] [main] o.s.b.f.s.DefaultListableBeanFactory     : Creating shared instance of singleton bean 'requestContextFilter'
2025-04-12T00:10:39.555-03:00 DEBUG 29541 --- [conectapro] [main] o.s.b.f.s.DefaultListableBeanFactory     : Creating shared instance of singleton bean 'formContentFilter'
2025-04-12T00:10:39.555-03:00 DEBUG 29541 --- [conectapro] [main] o.s.b.f.s.DefaultListableBeanFactory     : Creating shared instance of singleton bean 'org.springframework.boot.autoconfigure.web.servlet.WebMvcAutoConfiguration'
2025-04-12T00:10:39.558-03:00 DEBUG 29541 --- [conectapro] [main] o.s.b.f.s.DefaultListableBeanFactory     : Creating shared instance of singleton bean 'characterEncodingFilter'
2025-04-12T00:10:39.562-03:00 DEBUG 29541 --- [conectapro] [main] o.s.b.w.s.ServletContextInitializerBeans : Mapping filters: characterEncodingFilter urls=[/*] order=-2147483648, formContentFilter urls=[/*] order=-9900, requestContextFilter urls=[/*] order=-105
2025-04-12T00:10:39.562-03:00 DEBUG 29541 --- [conectapro] [main] o.s.b.w.s.ServletContextInitializerBeans : Mapping servlets: dispatcherServlet urls=[/]
2025-04-12T00:10:39.564-03:00 DEBUG 29541 --- [conectapro] [main] org.apache.catalina.core.ContainerBase   : Add container child [StandardWrapper[dispatcherServlet]] to container [StandardEngine[Tomcat].StandardHost[localhost].TomcatEmbeddedContext[/app]]
2025-04-12T00:10:39.580-03:00 DEBUG 29541 --- [conectapro] [main] o.s.b.w.s.f.OrderedRequestContextFilter  : Filter 'requestContextFilter' configured for use
2025-04-12T00:10:39.581-03:00 DEBUG 29541 --- [conectapro] [main] s.b.w.s.f.OrderedCharacterEncodingFilter : Filter 'characterEncodingFilter' configured for use
2025-04-12T00:10:39.582-03:00 DEBUG 29541 --- [conectapro] [main] o.s.b.w.s.f.OrderedFormContentFilter     : Filter 'formContentFilter' configured for use
2025-04-12T00:10:39.584-03:00 DEBUG 29541 --- [conectapro] [main] org.apache.catalina.mapper.Mapper        : Registered host [localhost]
2025-04-12T00:10:39.584-03:00 DEBUG 29541 --- [conectapro] [main] o.apache.catalina.mapper.MapperListener  : Register Wrapper [dispatcherServlet] in Context [/app] for service [StandardService[Tomcat]]
2025-04-12T00:10:39.585-03:00 DEBUG 29541 --- [conectapro] [main] o.apache.catalina.mapper.MapperListener  : Register Context [/app] for service [StandardService[Tomcat]]
2025-04-12T00:10:39.585-03:00 DEBUG 29541 --- [conectapro] [main] o.apache.catalina.mapper.MapperListener  : Register host [localhost] at domain [null] for service [StandardService[Tomcat]]
2025-04-12T00:10:39.589-03:00 DEBUG 29541 --- [conectapro] [main] o.s.b.f.s.DefaultListableBeanFactory     : Creating shared instance of singleton bean 'dataSourceScriptDatabaseInitializer'
2025-04-12T00:10:39.589-03:00 DEBUG 29541 --- [conectapro] [main] o.s.b.f.s.DefaultListableBeanFactory     : Creating shared instance of singleton bean 'org.springframework.boot.autoconfigure.sql.init.DataSourceInitializationConfiguration'
2025-04-12T00:10:39.590-03:00 DEBUG 29541 --- [conectapro] [main] o.s.b.f.s.DefaultListableBeanFactory     : Creating shared instance of singleton bean 'dataSource'
2025-04-12T00:10:39.590-03:00 DEBUG 29541 --- [conectapro] [main] o.s.b.f.s.DefaultListableBeanFactory     : Creating shared instance of singleton bean 'org.springframework.boot.autoconfigure.jdbc.DataSourceConfiguration$Hikari'
2025-04-12T00:10:39.590-03:00 DEBUG 29541 --- [conectapro] [main] o.s.b.f.s.DefaultListableBeanFactory     : Creating shared instance of singleton bean 'spring.datasource-org.springframework.boot.autoconfigure.jdbc.DataSourceProperties'
2025-04-12T00:10:39.595-03:00 DEBUG 29541 --- [conectapro] [main] o.s.b.f.s.DefaultListableBeanFactory     : Creating shared instance of singleton bean 'jdbcConnectionDetails'
2025-04-12T00:10:39.596-03:00 DEBUG 29541 --- [conectapro] [main] o.s.b.f.s.DefaultListableBeanFactory     : Creating shared instance of singleton bean 'org.springframework.boot.autoconfigure.jdbc.DataSourceAutoConfiguration$PooledDataSourceConfiguration'
2025-04-12T00:10:39.596-03:00 DEBUG 29541 --- [conectapro] [main] o.s.b.f.s.DefaultListableBeanFactory     : Autowiring by type from bean name 'jdbcConnectionDetails' via factory method to bean named 'spring.datasource-org.springframework.boot.autoconfigure.jdbc.DataSourceProperties'
2025-04-12T00:10:39.597-03:00 DEBUG 29541 --- [conectapro] [main] o.s.b.f.s.DefaultListableBeanFactory     : Autowiring by type from bean name 'dataSource' via factory method to bean named 'spring.datasource-org.springframework.boot.autoconfigure.jdbc.DataSourceProperties'
2025-04-12T00:10:39.597-03:00 DEBUG 29541 --- [conectapro] [main] o.s.b.f.s.DefaultListableBeanFactory     : Autowiring by type from bean name 'dataSource' via factory method to bean named 'jdbcConnectionDetails'
2025-04-12T00:10:39.599-03:00 DEBUG 29541 --- [conectapro] [main] com.zaxxer.hikari.HikariConfig           : Driver class com.mysql.cj.jdbc.Driver found in Thread context class loader jdk.internal.loader.ClassLoaders$AppClassLoader@76ed5528
2025-04-12T00:10:39.612-03:00 DEBUG 29541 --- [conectapro] [main] o.s.b.f.s.DefaultListableBeanFactory     : Creating shared instance of singleton bean 'spring.sql.init-org.springframework.boot.autoconfigure.sql.init.SqlInitializationProperties'
2025-04-12T00:10:39.614-03:00 DEBUG 29541 --- [conectapro] [main] o.s.b.f.s.DefaultListableBeanFactory     : Autowiring by type from bean name 'dataSourceScriptDatabaseInitializer' via factory method to bean named 'dataSource'
2025-04-12T00:10:39.614-03:00 DEBUG 29541 --- [conectapro] [main] o.s.b.f.s.DefaultListableBeanFactory     : Autowiring by type from bean name 'dataSourceScriptDatabaseInitializer' via factory method to bean named 'spring.sql.init-org.springframework.boot.autoconfigure.sql.init.SqlInitializationProperties'
2025-04-12T00:10:39.617-03:00 DEBUG 29541 --- [conectapro] [main] o.s.b.f.s.DefaultListableBeanFactory     : Creating shared instance of singleton bean 'entityManagerFactory'
2025-04-12T00:10:39.617-03:00 DEBUG 29541 --- [conectapro] [main] o.s.b.f.s.DefaultListableBeanFactory     : Creating shared instance of singleton bean 'org.springframework.boot.autoconfigure.orm.jpa.HibernateJpaConfiguration'
2025-04-12T00:10:39.618-03:00 DEBUG 29541 --- [conectapro] [main] o.s.b.f.s.DefaultListableBeanFactory     : Creating shared instance of singleton bean 'spring.jpa-org.springframework.boot.autoconfigure.orm.jpa.JpaProperties'
2025-04-12T00:10:39.620-03:00 DEBUG 29541 --- [conectapro] [main] o.s.b.f.s.DefaultListableBeanFactory     : Creating shared instance of singleton bean 'spring.jpa.hibernate-org.springframework.boot.autoconfigure.orm.jpa.HibernateProperties'
2025-04-12T00:10:39.621-03:00 DEBUG 29541 --- [conectapro] [main] o.s.b.f.s.DefaultListableBeanFactory     : Autowiring by type from bean name 'org.springframework.boot.autoconfigure.orm.jpa.HibernateJpaConfiguration' via constructor to bean named 'dataSource'
2025-04-12T00:10:39.621-03:00 DEBUG 29541 --- [conectapro] [main] o.s.b.f.s.DefaultListableBeanFactory     : Autowiring by type from bean name 'org.springframework.boot.autoconfigure.orm.jpa.HibernateJpaConfiguration' via constructor to bean named 'spring.jpa-org.springframework.boot.autoconfigure.orm.jpa.JpaProperties'
2025-04-12T00:10:39.621-03:00 DEBUG 29541 --- [conectapro] [main] o.s.b.f.s.DefaultListableBeanFactory     : Autowiring by type from bean name 'org.springframework.boot.autoconfigure.orm.jpa.HibernateJpaConfiguration' via constructor to bean named 'org.springframework.beans.factory.support.DefaultListableBeanFactory@4bf324f9'
2025-04-12T00:10:39.621-03:00 DEBUG 29541 --- [conectapro] [main] o.s.b.f.s.DefaultListableBeanFactory     : Autowiring by type from bean name 'org.springframework.boot.autoconfigure.orm.jpa.HibernateJpaConfiguration' via constructor to bean named 'spring.jpa.hibernate-org.springframework.boot.autoconfigure.orm.jpa.HibernateProperties'
2025-04-12T00:10:39.623-03:00 DEBUG 29541 --- [conectapro] [main] o.s.b.f.s.DefaultListableBeanFactory     : Creating shared instance of singleton bean 'hikariPoolDataSourceMetadataProvider'
2025-04-12T00:10:39.624-03:00 DEBUG 29541 --- [conectapro] [main] o.s.b.f.s.DefaultListableBeanFactory     : Creating shared instance of singleton bean 'org.springframework.boot.autoconfigure.jdbc.metadata.DataSourcePoolMetadataProvidersConfiguration$HikariPoolDataSourceMetadataProviderConfiguration'
2025-04-12T00:10:39.626-03:00 DEBUG 29541 --- [conectapro] [main] o.s.b.f.s.DefaultListableBeanFactory     : Creating shared instance of singleton bean 'entityManagerFactoryBuilder'
2025-04-12T00:10:39.627-03:00 DEBUG 29541 --- [conectapro] [main] o.s.b.f.s.DefaultListableBeanFactory     : Creating shared instance of singleton bean 'jpaVendorAdapter'
2025-04-12T00:10:39.636-03:00 DEBUG 29541 --- [conectapro] [main] org.jboss.logging                        : Logging Provider: org.jboss.logging.Slf4jLoggerProvider found via system property
2025-04-12T00:10:39.638-03:00 DEBUG 29541 --- [conectapro] [main] o.s.b.f.s.DefaultListableBeanFactory     : Autowiring by type from bean name 'entityManagerFactoryBuilder' via factory method to bean named 'jpaVendorAdapter'
2025-04-12T00:10:39.641-03:00 DEBUG 29541 --- [conectapro] [main] o.s.b.f.s.DefaultListableBeanFactory     : Creating shared instance of singleton bean 'persistenceManagedTypes'
2025-04-12T00:10:39.642-03:00 DEBUG 29541 --- [conectapro] [main] o.s.b.f.s.DefaultListableBeanFactory     : Autowiring by type from bean name 'persistenceManagedTypes' via factory method to bean named 'org.springframework.beans.factory.support.DefaultListableBeanFactory@4bf324f9'
2025-04-12T00:10:39.642-03:00 DEBUG 29541 --- [conectapro] [main] o.s.b.f.s.DefaultListableBeanFactory     : Autowiring by type from bean name 'persistenceManagedTypes' via factory method to bean named 'org.springframework.boot.web.servlet.context.AnnotationConfigServletWebServerApplicationContext@2449cff7'
2025-04-12T00:10:39.646-03:00 DEBUG 29541 --- [conectapro] [main] o.s.b.f.s.DefaultListableBeanFactory     : Autowiring by type from bean name 'entityManagerFactory' via factory method to bean named 'entityManagerFactoryBuilder'
2025-04-12T00:10:39.646-03:00 DEBUG 29541 --- [conectapro] [main] o.s.b.f.s.DefaultListableBeanFactory     : Autowiring by type from bean name 'entityManagerFactory' via factory method to bean named 'persistenceManagedTypes'
2025-04-12T00:10:39.655-03:00 DEBUG 29541 --- [conectapro] [main] j.LocalContainerEntityManagerFactoryBean : Building JPA container EntityManagerFactory for persistence unit 'default'
2025-04-12T00:10:39.673-03:00 DEBUG 29541 --- [conectapro] [main] o.hibernate.jpa.internal.util.LogHelper  : PersistenceUnitInfo [
	name: default
	persistence provider classname: null
	classloader: jdk.internal.loader.ClassLoaders$AppClassLoader@76ed5528
	excludeUnlistedClasses: true
	JTA datasource: null
	Non JTA datasource: HikariDataSource (null)
	Transaction type: RESOURCE_LOCAL
	PU root URL: file:/home/charles/eclipse-workspace/conectapro/target/classes/
	Shared Cache Mode: UNSPECIFIED
	Validation Mode: AUTO
	Jar files URLs []
	Managed classes names [
		com.conectapro.conectapro.entity.UserEntity]
	Mapping files names []
	Properties []
2025-04-12T00:10:39.678-03:00 DEBUG 29541 --- [conectapro] [main] o.h.i.internal.IntegratorServiceImpl     : Adding Integrator [org.hibernate.boot.beanvalidation.BeanValidationIntegrator].
2025-04-12T00:10:39.679-03:00 DEBUG 29541 --- [conectapro] [main] o.h.i.internal.IntegratorServiceImpl     : Adding Integrator [org.hibernate.cache.internal.CollectionCacheInvalidator].
2025-04-12T00:10:39.709-03:00  INFO 29541 --- [conectapro] [main] org.hibernate.Version                    : HHH000412: Hibernate ORM core version 6.6.11.Final
2025-04-12T00:10:39.710-03:00 DEBUG 29541 --- [conectapro] [main] org.hibernate.cfg.Environment            : HHH000206: 'hibernate.properties' not found
2025-04-12T00:10:39.725-03:00 DEBUG 29541 --- [conectapro] [main] org.hibernate.orm.idgen.factory          : Registering IdentifierGenerator strategy [uuid2] -> [org.hibernate.id.UUIDGenerator]
2025-04-12T00:10:39.725-03:00 DEBUG 29541 --- [conectapro] [main] org.hibernate.orm.idgen.factory          : Registering IdentifierGenerator strategy [guid] -> [org.hibernate.id.GUIDGenerator]
2025-04-12T00:10:39.726-03:00 DEBUG 29541 --- [conectapro] [main] org.hibernate.orm.idgen.factory          : Registering IdentifierGenerator strategy [uuid] -> [org.hibernate.id.UUIDHexGenerator]
2025-04-12T00:10:39.726-03:00 DEBUG 29541 --- [conectapro] [main] org.hibernate.orm.idgen.factory          : Registering IdentifierGenerator strategy [uuid.hex] -> [org.hibernate.id.UUIDHexGenerator]
2025-04-12T00:10:39.726-03:00 DEBUG 29541 --- [conectapro] [main] org.hibernate.orm.idgen.factory          : Registering IdentifierGenerator strategy [assigned] -> [org.hibernate.id.Assigned]
2025-04-12T00:10:39.727-03:00 DEBUG 29541 --- [conectapro] [main] org.hibernate.orm.idgen.factory          : Registering IdentifierGenerator strategy [identity] -> [org.hibernate.id.IdentityGenerator]
2025-04-12T00:10:39.727-03:00 DEBUG 29541 --- [conectapro] [main] org.hibernate.orm.idgen.factory          : Registering IdentifierGenerator strategy [select] -> [org.hibernate.id.SelectGenerator]
2025-04-12T00:10:39.728-03:00 DEBUG 29541 --- [conectapro] [main] org.hibernate.orm.idgen.factory          : Registering IdentifierGenerator strategy [sequence] -> [org.hibernate.id.enhanced.SequenceStyleGenerator]
2025-04-12T00:10:39.728-03:00 DEBUG 29541 --- [conectapro] [main] org.hibernate.orm.idgen.factory          : Registering IdentifierGenerator strategy [increment] -> [org.hibernate.id.IncrementGenerator]
2025-04-12T00:10:39.728-03:00 DEBUG 29541 --- [conectapro] [main] org.hibernate.orm.idgen.factory          : Registering IdentifierGenerator strategy [foreign] -> [org.hibernate.id.ForeignGenerator]
2025-04-12T00:10:39.728-03:00 DEBUG 29541 --- [conectapro] [main] org.hibernate.orm.idgen.factory          : Registering IdentifierGenerator strategy [enhanced-sequence] -> [org.hibernate.id.enhanced.SequenceStyleGenerator]
2025-04-12T00:10:39.729-03:00 DEBUG 29541 --- [conectapro] [main] org.hibernate.orm.idgen.factory          : Registering IdentifierGenerator strategy [enhanced-table] -> [org.hibernate.id.enhanced.TableGenerator]
2025-04-12T00:10:39.734-03:00 DEBUG 29541 --- [conectapro] [main] o.h.c.internal.RegionFactoryInitiator    : Cannot default RegionFactory based on registered strategies as `[]` RegionFactory strategies were registered
2025-04-12T00:10:39.734-03:00  INFO 29541 --- [conectapro] [main] o.h.c.internal.RegionFactoryInitiator    : HHH000026: Second-level cache disabled
2025-04-12T00:10:39.789-03:00 DEBUG 29541 --- [conectapro] [main] org.hibernate.type.BasicTypeRegistry     : Adding type registration boolean -> org.hibernate.type.BasicTypeReference@409732fb
2025-04-12T00:10:39.789-03:00 DEBUG 29541 --- [conectapro] [main] org.hibernate.type.BasicTypeRegistry     : Adding type registration boolean -> org.hibernate.type.BasicTypeReference@409732fb
2025-04-12T00:10:39.789-03:00 DEBUG 29541 --- [conectapro] [main] org.hibernate.type.BasicTypeRegistry     : Adding type registration java.lang.Boolean -> org.hibernate.type.BasicTypeReference@409732fb
2025-04-12T00:10:39.789-03:00 DEBUG 29541 --- [conectapro] [main] org.hibernate.type.BasicTypeRegistry     : Adding type registration numeric_boolean -> org.hibernate.type.BasicTypeReference@73d62b5
2025-04-12T00:10:39.789-03:00 DEBUG 29541 --- [conectapro] [main] org.hibernate.type.BasicTypeRegistry     : Adding type registration org.hibernate.type.NumericBooleanConverter -> org.hibernate.type.BasicTypeReference@73d62b5
2025-04-12T00:10:39.789-03:00 DEBUG 29541 --- [conectapro] [main] org.hibernate.type.BasicTypeRegistry     : Adding type registration true_false -> org.hibernate.type.BasicTypeReference@5e99e2cb
2025-04-12T00:10:39.789-03:00 DEBUG 29541 --- [conectapro] [main] org.hibernate.type.BasicTypeRegistry     : Adding type registration org.hibernate.type.TrueFalseConverter -> org.hibernate.type.BasicTypeReference@5e99e2cb
2025-04-12T00:10:39.789-03:00 DEBUG 29541 --- [conectapro] [main] org.hibernate.type.BasicTypeRegistry     : Adding type registration yes_no -> org.hibernate.type.BasicTypeReference@76ac68b0
2025-04-12T00:10:39.789-03:00 DEBUG 29541 --- [conectapro] [main] org.hibernate.type.BasicTypeRegistry     : Adding type registration org.hibernate.type.YesNoConverter -> org.hibernate.type.BasicTypeReference@76ac68b0
2025-04-12T00:10:39.789-03:00 DEBUG 29541 --- [conectapro] [main] org.hibernate.type.BasicTypeRegistry     : Adding type registration byte -> org.hibernate.type.BasicTypeReference@f559c74
2025-04-12T00:10:39.789-03:00 DEBUG 29541 --- [conectapro] [main] org.hibernate.type.BasicTypeRegistry     : Adding type registration byte -> org.hibernate.type.BasicTypeReference@f559c74
2025-04-12T00:10:39.789-03:00 DEBUG 29541 --- [conectapro] [main] org.hibernate.type.BasicTypeRegistry     : Adding type registration java.lang.Byte -> org.hibernate.type.BasicTypeReference@f559c74
2025-04-12T00:10:39.790-03:00 DEBUG 29541 --- [conectapro] [main] org.hibernate.type.BasicTypeRegistry     : Adding type registration binary -> org.hibernate.type.BasicTypeReference@63917fe1
2025-04-12T00:10:39.790-03:00 DEBUG 29541 --- [conectapro] [main] org.hibernate.type.BasicTypeRegistry     : Adding type registration byte[] -> org.hibernate.type.BasicTypeReference@63917fe1
2025-04-12T00:10:39.790-03:00 DEBUG 29541 --- [conectapro] [main] org.hibernate.type.BasicTypeRegistry     : Adding type registration [B -> org.hibernate.type.BasicTypeReference@63917fe1
2025-04-12T00:10:39.790-03:00 DEBUG 29541 --- [conectapro] [main] org.hibernate.type.BasicTypeRegistry     : Adding type registration binary_wrapper -> org.hibernate.type.BasicTypeReference@720f56e2
2025-04-12T00:10:39.790-03:00 DEBUG 29541 --- [conectapro] [main] org.hibernate.type.BasicTypeRegistry     : Adding type registration wrapper-binary -> org.hibernate.type.BasicTypeReference@720f56e2
2025-04-12T00:10:39.790-03:00 DEBUG 29541 --- [conectapro] [main] org.hibernate.type.BasicTypeRegistry     : Adding type registration image -> org.hibernate.type.BasicTypeReference@677349fb
2025-04-12T00:10:39.790-03:00 DEBUG 29541 --- [conectapro] [main] org.hibernate.type.BasicTypeRegistry     : Adding type registration blob -> org.hibernate.type.BasicTypeReference@4466cf5d
2025-04-12T00:10:39.790-03:00 DEBUG 29541 --- [conectapro] [main] org.hibernate.type.BasicTypeRegistry     : Adding type registration java.sql.Blob -> org.hibernate.type.BasicTypeReference@4466cf5d
2025-04-12T00:10:39.790-03:00 DEBUG 29541 --- [conectapro] [main] org.hibernate.type.BasicTypeRegistry     : Adding type registration materialized_blob -> org.hibernate.type.BasicTypeReference@2c60ce47
2025-04-12T00:10:39.790-03:00 DEBUG 29541 --- [conectapro] [main] org.hibernate.type.BasicTypeRegistry     : Adding type registration materialized_blob_wrapper -> org.hibernate.type.BasicTypeReference@2450256f
2025-04-12T00:10:39.790-03:00 DEBUG 29541 --- [conectapro] [main] org.hibernate.type.BasicTypeRegistry     : Adding type registration short -> org.hibernate.type.BasicTypeReference@59918c8f
2025-04-12T00:10:39.790-03:00 DEBUG 29541 --- [conectapro] [main] org.hibernate.type.BasicTypeRegistry     : Adding type registration short -> org.hibernate.type.BasicTypeReference@59918c8f
2025-04-12T00:10:39.790-03:00 DEBUG 29541 --- [conectapro] [main] org.hibernate.type.BasicTypeRegistry     : Adding type registration java.lang.Short -> org.hibernate.type.BasicTypeReference@59918c8f
2025-04-12T00:10:39.790-03:00 DEBUG 29541 --- [conectapro] [main] org.hibernate.type.BasicTypeRegistry     : Adding type registration integer -> org.hibernate.type.BasicTypeReference@2b7facc7
2025-04-12T00:10:39.790-03:00 DEBUG 29541 --- [conectapro] [main] org.hibernate.type.BasicTypeRegistry     : Adding type registration int -> org.hibernate.type.BasicTypeReference@2b7facc7
2025-04-12T00:10:39.790-03:00 DEBUG 29541 --- [conectapro] [main] org.hibernate.type.BasicTypeRegistry     : Adding type registration java.lang.Integer -> org.hibernate.type.BasicTypeReference@2b7facc7
2025-04-12T00:10:39.790-03:00 DEBUG 29541 --- [conectapro] [main] org.hibernate.type.BasicTypeRegistry     : Adding type registration long -> org.hibernate.type.BasicTypeReference@1c74d19
2025-04-12T00:10:39.790-03:00 DEBUG 29541 --- [conectapro] [main] org.hibernate.type.BasicTypeRegistry     : Adding type registration long -> org.hibernate.type.BasicTypeReference@1c74d19
2025-04-12T00:10:39.790-03:00 DEBUG 29541 --- [conectapro] [main] org.hibernate.type.BasicTypeRegistry     : Adding type registration java.lang.Long -> org.hibernate.type.BasicTypeReference@1c74d19
2025-04-12T00:10:39.790-03:00 DEBUG 29541 --- [conectapro] [main] org.hibernate.type.BasicTypeRegistry     : Adding type registration float -> org.hibernate.type.BasicTypeReference@24197b13
2025-04-12T00:10:39.790-03:00 DEBUG 29541 --- [conectapro] [main] org.hibernate.type.BasicTypeRegistry     : Adding type registration float -> org.hibernate.type.BasicTypeReference@24197b13
2025-04-12T00:10:39.790-03:00 DEBUG 29541 --- [conectapro] [main] org.hibernate.type.BasicTypeRegistry     : Adding type registration java.lang.Float -> org.hibernate.type.BasicTypeReference@24197b13
2025-04-12T00:10:39.790-03:00 DEBUG 29541 --- [conectapro] [main] org.hibernate.type.BasicTypeRegistry     : Adding type registration double -> org.hibernate.type.BasicTypeReference@71b97eeb
2025-04-12T00:10:39.790-03:00 DEBUG 29541 --- [conectapro] [main] org.hibernate.type.BasicTypeRegistry     : Adding type registration double -> org.hibernate.type.BasicTypeReference@71b97eeb
2025-04-12T00:10:39.790-03:00 DEBUG 29541 --- [conectapro] [main] org.hibernate.type.BasicTypeRegistry     : Adding type registration java.lang.Double -> org.hibernate.type.BasicTypeReference@71b97eeb
2025-04-12T00:10:39.790-03:00 DEBUG 29541 --- [conectapro] [main] org.hibernate.type.BasicTypeRegistry     : Adding type registration big_integer -> org.hibernate.type.BasicTypeReference@2776fd8f
2025-04-12T00:10:39.790-03:00 DEBUG 29541 --- [conectapro] [main] org.hibernate.type.BasicTypeRegistry     : Adding type registration java.math.BigInteger -> org.hibernate.type.BasicTypeReference@2776fd8f
2025-04-12T00:10:39.790-03:00 DEBUG 29541 --- [conectapro] [main] org.hibernate.type.BasicTypeRegistry     : Adding type registration big_decimal -> org.hibernate.type.BasicTypeReference@1c62c3fd
2025-04-12T00:10:39.790-03:00 DEBUG 29541 --- [conectapro] [main] org.hibernate.type.BasicTypeRegistry     : Adding type registration java.math.BigDecimal -> org.hibernate.type.BasicTypeReference@1c62c3fd
2025-04-12T00:10:39.790-03:00 DEBUG 29541 --- [conectapro] [main] org.hibernate.type.BasicTypeRegistry     : Adding type registration character -> org.hibernate.type.BasicTypeReference@734ce281
2025-04-12T00:10:39.791-03:00 DEBUG 29541 --- [conectapro] [main] org.hibernate.type.BasicTypeRegistry     : Adding type registration char -> org.hibernate.type.BasicTypeReference@734ce281
2025-04-12T00:10:39.791-03:00 DEBUG 29541 --- [conectapro] [main] org.hibernate.type.BasicTypeRegistry     : Adding type registration java.lang.Character -> org.hibernate.type.BasicTypeReference@734ce281
2025-04-12T00:10:39.791-03:00 DEBUG 29541 --- [conectapro] [main] org.hibernate.type.BasicTypeRegistry     : Adding type registration character_nchar -> org.hibernate.type.BasicTypeReference@49b89425
2025-04-12T00:10:39.791-03:00 DEBUG 29541 --- [conectapro] [main] org.hibernate.type.BasicTypeRegistry     : Adding type registration string -> org.hibernate.type.BasicTypeReference@59328218
2025-04-12T00:10:39.791-03:00 DEBUG 29541 --- [conectapro] [main] org.hibernate.type.BasicTypeRegistry     : Adding type registration java.lang.String -> org.hibernate.type.BasicTypeReference@59328218
2025-04-12T00:10:39.791-03:00 DEBUG 29541 --- [conectapro] [main] org.hibernate.type.BasicTypeRegistry     : Adding type registration nstring -> org.hibernate.type.BasicTypeReference@5345dfe8
2025-04-12T00:10:39.791-03:00 DEBUG 29541 --- [conectapro] [main] org.hibernate.type.BasicTypeRegistry     : Adding type registration characters -> org.hibernate.type.BasicTypeReference@478967eb
2025-04-12T00:10:39.791-03:00 DEBUG 29541 --- [conectapro] [main] org.hibernate.type.BasicTypeRegistry     : Adding type registration char[] -> org.hibernate.type.BasicTypeReference@478967eb
2025-04-12T00:10:39.791-03:00 DEBUG 29541 --- [conectapro] [main] org.hibernate.type.BasicTypeRegistry     : Adding type registration [C -> org.hibernate.type.BasicTypeReference@478967eb
2025-04-12T00:10:39.791-03:00 DEBUG 29541 --- [conectapro] [main] org.hibernate.type.BasicTypeRegistry     : Adding type registration wrapper-characters -> org.hibernate.type.BasicTypeReference@4a1dda83
2025-04-12T00:10:39.791-03:00 DEBUG 29541 --- [conectapro] [main] org.hibernate.type.BasicTypeRegistry     : Adding type registration text -> org.hibernate.type.BasicTypeReference@7f2b39a
2025-04-12T00:10:39.791-03:00 DEBUG 29541 --- [conectapro] [main] org.hibernate.type.BasicTypeRegistry     : Adding type registration ntext -> org.hibernate.type.BasicTypeReference@7a358613
2025-04-12T00:10:39.791-03:00 DEBUG 29541 --- [conectapro] [main] org.hibernate.type.BasicTypeRegistry     : Adding type registration clob -> org.hibernate.type.BasicTypeReference@760f1081
2025-04-12T00:10:39.791-03:00 DEBUG 29541 --- [conectapro] [main] org.hibernate.type.BasicTypeRegistry     : Adding type registration java.sql.Clob -> org.hibernate.type.BasicTypeReference@760f1081
2025-04-12T00:10:39.791-03:00 DEBUG 29541 --- [conectapro] [main] org.hibernate.type.BasicTypeRegistry     : Adding type registration nclob -> org.hibernate.type.BasicTypeReference@52621501
2025-04-12T00:10:39.791-03:00 DEBUG 29541 --- [conectapro] [main] org.hibernate.type.BasicTypeRegistry     : Adding type registration java.sql.NClob -> org.hibernate.type.BasicTypeReference@52621501
2025-04-12T00:10:39.791-03:00 DEBUG 29541 --- [conectapro] [main] org.hibernate.type.BasicTypeRegistry     : Adding type registration materialized_clob -> org.hibernate.type.BasicTypeReference@401e02b4
2025-04-12T00:10:39.791-03:00 DEBUG 29541 --- [conectapro] [main] org.hibernate.type.BasicTypeRegistry     : Adding type registration materialized_clob_char_array -> org.hibernate.type.BasicTypeReference@164d01ba
2025-04-12T00:10:39.791-03:00 DEBUG 29541 --- [conectapro] [main] org.hibernate.type.BasicTypeRegistry     : Adding type registration materialized_clob_character_array -> org.hibernate.type.BasicTypeReference@18c880ea
2025-04-12T00:10:39.791-03:00 DEBUG 29541 --- [conectapro] [main] org.hibernate.type.BasicTypeRegistry     : Adding type registration materialized_nclob -> org.hibernate.type.BasicTypeReference@5ac044ef
2025-04-12T00:10:39.791-03:00 DEBUG 29541 --- [conectapro] [main] org.hibernate.type.BasicTypeRegistry     : Adding type registration materialized_nclob_character_array -> org.hibernate.type.BasicTypeReference@6afbe6a1
2025-04-12T00:10:39.791-03:00 DEBUG 29541 --- [conectapro] [main] org.hibernate.type.BasicTypeRegistry     : Adding type registration materialized_nclob_char_array -> org.hibernate.type.BasicTypeReference@14457a95
2025-04-12T00:10:39.791-03:00 DEBUG 29541 --- [conectapro] [main] org.hibernate.type.BasicTypeRegistry     : Adding type registration Duration -> org.hibernate.type.BasicTypeReference@48567727
2025-04-12T00:10:39.791-03:00 DEBUG 29541 --- [conectapro] [main] org.hibernate.type.BasicTypeRegistry     : Adding type registration java.time.Duration -> org.hibernate.type.BasicTypeReference@48567727
2025-04-12T00:10:39.791-03:00 DEBUG 29541 --- [conectapro] [main] org.hibernate.type.BasicTypeRegistry     : Adding type registration LocalDateTime -> org.hibernate.type.BasicTypeReference@10e9a5fe
2025-04-12T00:10:39.791-03:00 DEBUG 29541 --- [conectapro] [main] org.hibernate.type.BasicTypeRegistry     : Adding type registration java.time.LocalDateTime -> org.hibernate.type.BasicTypeReference@10e9a5fe
2025-04-12T00:10:39.791-03:00 DEBUG 29541 --- [conectapro] [main] org.hibernate.type.BasicTypeRegistry     : Adding type registration LocalDate -> org.hibernate.type.BasicTypeReference@259287ac
2025-04-12T00:10:39.791-03:00 DEBUG 29541 --- [conectapro] [main] org.hibernate.type.BasicTypeRegistry     : Adding type registration java.time.LocalDate -> org.hibernate.type.BasicTypeReference@259287ac
2025-04-12T00:10:39.791-03:00 DEBUG 29541 --- [conectapro] [main] org.hibernate.type.BasicTypeRegistry     : Adding type registration LocalTime -> org.hibernate.type.BasicTypeReference@1abcd059
2025-04-12T00:10:39.791-03:00 DEBUG 29541 --- [conectapro] [main] org.hibernate.type.BasicTypeRegistry     : Adding type registration java.time.LocalTime -> org.hibernate.type.BasicTypeReference@1abcd059
2025-04-12T00:10:39.791-03:00 DEBUG 29541 --- [conectapro] [main] org.hibernate.type.BasicTypeRegistry     : Adding type registration OffsetDateTime -> org.hibernate.type.BasicTypeReference@61a87366
2025-04-12T00:10:39.791-03:00 DEBUG 29541 --- [conectapro] [main] org.hibernate.type.BasicTypeRegistry     : Adding type registration java.time.OffsetDateTime -> org.hibernate.type.BasicTypeReference@61a87366
2025-04-12T00:10:39.791-03:00 DEBUG 29541 --- [conectapro] [main] org.hibernate.type.BasicTypeRegistry     : Adding type registration OffsetDateTimeWithTimezone -> org.hibernate.type.BasicTypeReference@3c33fcf8
2025-04-12T00:10:39.792-03:00 DEBUG 29541 --- [conectapro] [main] org.hibernate.type.BasicTypeRegistry     : Adding type registration OffsetDateTimeWithoutTimezone -> org.hibernate.type.BasicTypeReference@dada335
2025-04-12T00:10:39.792-03:00 DEBUG 29541 --- [conectapro] [main] org.hibernate.type.BasicTypeRegistry     : Adding type registration OffsetTime -> org.hibernate.type.BasicTypeReference@716f94c1
2025-04-12T00:10:39.792-03:00 DEBUG 29541 --- [conectapro] [main] org.hibernate.type.BasicTypeRegistry     : Adding type registration java.time.OffsetTime -> org.hibernate.type.BasicTypeReference@716f94c1
2025-04-12T00:10:39.792-03:00 DEBUG 29541 --- [conectapro] [main] org.hibernate.type.BasicTypeRegistry     : Adding type registration OffsetTimeUtc -> org.hibernate.type.BasicTypeReference@53feeac9
2025-04-12T00:10:39.792-03:00 DEBUG 29541 --- [conectapro] [main] org.hibernate.type.BasicTypeRegistry     : Adding type registration OffsetTimeWithTimezone -> org.hibernate.type.BasicTypeReference@70091872
2025-04-12T00:10:39.792-03:00 DEBUG 29541 --- [conectapro] [main] org.hibernate.type.BasicTypeRegistry     : Adding type registration OffsetTimeWithoutTimezone -> org.hibernate.type.BasicTypeReference@105db94d
2025-04-12T00:10:39.792-03:00 DEBUG 29541 --- [conectapro] [main] org.hibernate.type.BasicTypeRegistry     : Adding type registration ZonedDateTime -> org.hibernate.type.BasicTypeReference@1d99ee1b
2025-04-12T00:10:39.792-03:00 DEBUG 29541 --- [conectapro] [main] org.hibernate.type.BasicTypeRegistry     : Adding type registration java.time.ZonedDateTime -> org.hibernate.type.BasicTypeReference@1d99ee1b
2025-04-12T00:10:39.792-03:00 DEBUG 29541 --- [conectapro] [main] org.hibernate.type.BasicTypeRegistry     : Adding type registration ZonedDateTimeWithTimezone -> org.hibernate.type.BasicTypeReference@3915e7c3
2025-04-12T00:10:39.792-03:00 DEBUG 29541 --- [conectapro] [main] org.hibernate.type.BasicTypeRegistry     : Adding type registration ZonedDateTimeWithoutTimezone -> org.hibernate.type.BasicTypeReference@167a21b
2025-04-12T00:10:39.792-03:00 DEBUG 29541 --- [conectapro] [main] org.hibernate.type.BasicTypeRegistry     : Adding type registration date -> org.hibernate.type.BasicTypeReference@7c0df4ab
2025-04-12T00:10:39.792-03:00 DEBUG 29541 --- [conectapro] [main] org.hibernate.type.BasicTypeRegistry     : Adding type registration java.sql.Date -> org.hibernate.type.BasicTypeReference@7c0df4ab
2025-04-12T00:10:39.792-03:00 DEBUG 29541 --- [conectapro] [main] org.hibernate.type.BasicTypeRegistry     : Adding type registration time -> org.hibernate.type.BasicTypeReference@2e362407
2025-04-12T00:10:39.792-03:00 DEBUG 29541 --- [conectapro] [main] org.hibernate.type.BasicTypeRegistry     : Adding type registration java.sql.Time -> org.hibernate.type.BasicTypeReference@2e362407
2025-04-12T00:10:39.792-03:00 DEBUG 29541 --- [conectapro] [main] org.hibernate.type.BasicTypeRegistry     : Adding type registration timestamp -> org.hibernate.type.BasicTypeReference@388be5fd
2025-04-12T00:10:39.792-03:00 DEBUG 29541 --- [conectapro] [main] org.hibernate.type.BasicTypeRegistry     : Adding type registration java.sql.Timestamp -> org.hibernate.type.BasicTypeReference@388be5fd
2025-04-12T00:10:39.792-03:00 DEBUG 29541 --- [conectapro] [main] org.hibernate.type.BasicTypeRegistry     : Adding type registration java.util.Date -> org.hibernate.type.BasicTypeReference@388be5fd
2025-04-12T00:10:39.792-03:00 DEBUG 29541 --- [conectapro] [main] org.hibernate.type.BasicTypeRegistry     : Adding type registration calendar -> org.hibernate.type.BasicTypeReference@440ef8d
2025-04-12T00:10:39.792-03:00 DEBUG 29541 --- [conectapro] [main] org.hibernate.type.BasicTypeRegistry     : Adding type registration java.util.Calendar -> org.hibernate.type.BasicTypeReference@440ef8d
2025-04-12T00:10:39.792-03:00 DEBUG 29541 --- [conectapro] [main] org.hibernate.type.BasicTypeRegistry     : Adding type registration java.util.GregorianCalendar -> org.hibernate.type.BasicTypeReference@440ef8d
2025-04-12T00:10:39.792-03:00 DEBUG 29541 --- [conectapro] [main] org.hibernate.type.BasicTypeRegistry     : Adding type registration calendar_date -> org.hibernate.type.BasicTypeReference@17fbfb02
2025-04-12T00:10:39.792-03:00 DEBUG 29541 --- [conectapro] [main] org.hibernate.type.BasicTypeRegistry     : Adding type registration calendar_time -> org.hibernate.type.BasicTypeReference@8f2e3e6
2025-04-12T00:10:39.792-03:00 DEBUG 29541 --- [conectapro] [main] org.hibernate.type.BasicTypeRegistry     : Adding type registration instant -> org.hibernate.type.BasicTypeReference@6f315b08
2025-04-12T00:10:39.792-03:00 DEBUG 29541 --- [conectapro] [main] org.hibernate.type.BasicTypeRegistry     : Adding type registration java.time.Instant -> org.hibernate.type.BasicTypeReference@6f315b08
2025-04-12T00:10:39.792-03:00 DEBUG 29541 --- [conectapro] [main] org.hibernate.type.BasicTypeRegistry     : Adding type registration uuid -> org.hibernate.type.BasicTypeReference@6c8efde4
2025-04-12T00:10:39.792-03:00 DEBUG 29541 --- [conectapro] [main] org.hibernate.type.BasicTypeRegistry     : Adding type registration java.util.UUID -> org.hibernate.type.BasicTypeReference@6c8efde4
2025-04-12T00:10:39.792-03:00 DEBUG 29541 --- [conectapro] [main] org.hibernate.type.BasicTypeRegistry     : Adding type registration pg-uuid -> org.hibernate.type.BasicTypeReference@6c8efde4
2025-04-12T00:10:39.793-03:00 DEBUG 29541 --- [conectapro] [main] org.hibernate.type.BasicTypeRegistry     : Adding type registration uuid-binary -> org.hibernate.type.BasicTypeReference@24e5389c
2025-04-12T00:10:39.793-03:00 DEBUG 29541 --- [conectapro] [main] org.hibernate.type.BasicTypeRegistry     : Adding type registration uuid-char -> org.hibernate.type.BasicTypeReference@3b170235
2025-04-12T00:10:39.793-03:00 DEBUG 29541 --- [conectapro] [main] org.hibernate.type.BasicTypeRegistry     : Adding type registration class -> org.hibernate.type.BasicTypeReference@5e9bf744
2025-04-12T00:10:39.793-03:00 DEBUG 29541 --- [conectapro] [main] org.hibernate.type.BasicTypeRegistry     : Adding type registration java.lang.Class -> org.hibernate.type.BasicTypeReference@5e9bf744
2025-04-12T00:10:39.793-03:00 DEBUG 29541 --- [conectapro] [main] org.hibernate.type.BasicTypeRegistry     : Adding type registration currency -> org.hibernate.type.BasicTypeReference@45e140ae
2025-04-12T00:10:39.793-03:00 DEBUG 29541 --- [conectapro] [main] org.hibernate.type.BasicTypeRegistry     : Adding type registration Currency -> org.hibernate.type.BasicTypeReference@45e140ae
2025-04-12T00:10:39.793-03:00 DEBUG 29541 --- [conectapro] [main] org.hibernate.type.BasicTypeRegistry     : Adding type registration java.util.Currency -> org.hibernate.type.BasicTypeReference@45e140ae
2025-04-12T00:10:39.793-03:00 DEBUG 29541 --- [conectapro] [main] org.hibernate.type.BasicTypeRegistry     : Adding type registration locale -> org.hibernate.type.BasicTypeReference@4b4814d0
2025-04-12T00:10:39.793-03:00 DEBUG 29541 --- [conectapro] [main] org.hibernate.type.BasicTypeRegistry     : Adding type registration java.util.Locale -> org.hibernate.type.BasicTypeReference@4b4814d0
2025-04-12T00:10:39.793-03:00 DEBUG 29541 --- [conectapro] [main] org.hibernate.type.BasicTypeRegistry     : Adding type registration serializable -> org.hibernate.type.BasicTypeReference@4ae8fb2a
2025-04-12T00:10:39.793-03:00 DEBUG 29541 --- [conectapro] [main] org.hibernate.type.BasicTypeRegistry     : Adding type registration java.io.Serializable -> org.hibernate.type.BasicTypeReference@4ae8fb2a
2025-04-12T00:10:39.793-03:00 DEBUG 29541 --- [conectapro] [main] org.hibernate.type.BasicTypeRegistry     : Adding type registration timezone -> org.hibernate.type.BasicTypeReference@54326e9
2025-04-12T00:10:39.793-03:00 DEBUG 29541 --- [conectapro] [main] org.hibernate.type.BasicTypeRegistry     : Adding type registration java.util.TimeZone -> org.hibernate.type.BasicTypeReference@54326e9
2025-04-12T00:10:39.793-03:00 DEBUG 29541 --- [conectapro] [main] org.hibernate.type.BasicTypeRegistry     : Adding type registration ZoneOffset -> org.hibernate.type.BasicTypeReference@20216016
2025-04-12T00:10:39.793-03:00 DEBUG 29541 --- [conectapro] [main] org.hibernate.type.BasicTypeRegistry     : Adding type registration java.time.ZoneOffset -> org.hibernate.type.BasicTypeReference@20216016
2025-04-12T00:10:39.793-03:00 DEBUG 29541 --- [conectapro] [main] org.hibernate.type.BasicTypeRegistry     : Adding type registration url -> org.hibernate.type.BasicTypeReference@2b441e56
2025-04-12T00:10:39.793-03:00 DEBUG 29541 --- [conectapro] [main] org.hibernate.type.BasicTypeRegistry     : Adding type registration java.net.URL -> org.hibernate.type.BasicTypeReference@2b441e56
2025-04-12T00:10:39.793-03:00 DEBUG 29541 --- [conectapro] [main] org.hibernate.type.BasicTypeRegistry     : Adding type registration vector -> org.hibernate.type.BasicTypeReference@267891bf
2025-04-12T00:10:39.793-03:00 DEBUG 29541 --- [conectapro] [main] org.hibernate.type.BasicTypeRegistry     : Adding type registration float_vector -> org.hibernate.type.BasicTypeReference@3a109ff7
2025-04-12T00:10:39.793-03:00 DEBUG 29541 --- [conectapro] [main] org.hibernate.type.BasicTypeRegistry     : Adding type registration double_vector -> org.hibernate.type.BasicTypeReference@111a7973
2025-04-12T00:10:39.794-03:00 DEBUG 29541 --- [conectapro] [main] org.hibernate.type.BasicTypeRegistry     : Adding type registration byte_vector -> org.hibernate.type.BasicTypeReference@1a2773a8
2025-04-12T00:10:39.794-03:00 DEBUG 29541 --- [conectapro] [main] org.hibernate.type.BasicTypeRegistry     : Adding type registration row_version -> org.hibernate.type.BasicTypeReference@78b0ec3a
2025-04-12T00:10:39.797-03:00 DEBUG 29541 --- [conectapro] [main] org.hibernate.type.BasicTypeRegistry     : Adding type registration object -> org.hibernate.type.JavaObjectType@370c7cc5
2025-04-12T00:10:39.798-03:00 DEBUG 29541 --- [conectapro] [main] org.hibernate.type.BasicTypeRegistry     : Adding type registration java.lang.Object -> org.hibernate.type.JavaObjectType@370c7cc5
2025-04-12T00:10:39.799-03:00 DEBUG 29541 --- [conectapro] [main] org.hibernate.type.BasicTypeRegistry     : Adding type registration null -> org.hibernate.type.NullType@3f6c2763
2025-04-12T00:10:39.799-03:00 DEBUG 29541 --- [conectapro] [main] org.hibernate.type.BasicTypeRegistry     : Adding type registration imm_date -> org.hibernate.type.BasicTypeReference@5c82031b
2025-04-12T00:10:39.799-03:00 DEBUG 29541 --- [conectapro] [main] org.hibernate.type.BasicTypeRegistry     : Adding type registration imm_time -> org.hibernate.type.BasicTypeReference@274fdea6
2025-04-12T00:10:39.799-03:00 DEBUG 29541 --- [conectapro] [main] org.hibernate.type.BasicTypeRegistry     : Adding type registration imm_timestamp -> org.hibernate.type.BasicTypeReference@74c121d4
2025-04-12T00:10:39.799-03:00 DEBUG 29541 --- [conectapro] [main] org.hibernate.type.BasicTypeRegistry     : Adding type registration imm_calendar -> org.hibernate.type.BasicTypeReference@2a484710
2025-04-12T00:10:39.799-03:00 DEBUG 29541 --- [conectapro] [main] org.hibernate.type.BasicTypeRegistry     : Adding type registration imm_calendar_date -> org.hibernate.type.BasicTypeReference@661e1399
2025-04-12T00:10:39.799-03:00 DEBUG 29541 --- [conectapro] [main] org.hibernate.type.BasicTypeRegistry     : Adding type registration imm_calendar_time -> org.hibernate.type.BasicTypeReference@3ffd4b12
2025-04-12T00:10:39.799-03:00 DEBUG 29541 --- [conectapro] [main] org.hibernate.type.BasicTypeRegistry     : Adding type registration imm_binary -> org.hibernate.type.BasicTypeReference@424f02b8
2025-04-12T00:10:39.799-03:00 DEBUG 29541 --- [conectapro] [main] org.hibernate.type.BasicTypeRegistry     : Adding type registration imm_serializable -> org.hibernate.type.BasicTypeReference@2ad7bd26
2025-04-12T00:10:39.802-03:00 DEBUG 29541 --- [conectapro] [main] o.h.boot.internal.BootstrapContextImpl   : Injecting JPA temp ClassLoader [org.springframework.instrument.classloading.SimpleThrowawayClassLoader@7f42b194] into BootstrapContext; was [null]
2025-04-12T00:10:39.802-03:00 DEBUG 29541 --- [conectapro] [main] o.h.boot.internal.ClassLoaderAccessImpl  : ClassLoaderAccessImpl#injectTempClassLoader(org.springframework.instrument.classloading.SimpleThrowawayClassLoader@7f42b194) [was null]
2025-04-12T00:10:39.803-03:00 DEBUG 29541 --- [conectapro] [main] o.h.boot.internal.BootstrapContextImpl   : Injecting ScanEnvironment [org.hibernate.jpa.boot.internal.StandardJpaScanEnvironmentImpl@13ef7fa1] into BootstrapContext; was [null]
2025-04-12T00:10:39.803-03:00 DEBUG 29541 --- [conectapro] [main] o.h.boot.internal.BootstrapContextImpl   : Injecting ScanOptions [org.hibernate.boot.archive.scan.internal.StandardScanOptions@23b1aa9] into BootstrapContext; was [org.hibernate.boot.archive.scan.internal.StandardScanOptions@54489296]
2025-04-12T00:10:39.812-03:00 DEBUG 29541 --- [conectapro] [main] o.h.j.b.i.PersistenceUnitInfoDescriptor  : Pushing class transformers for PU named 'default' on loading classloader jdk.internal.loader.ClassLoaders$AppClassLoader@76ed5528
2025-04-12T00:10:39.940-03:00  INFO 29541 --- [conectapro] [main] o.s.o.j.p.SpringPersistenceUnitInfo      : No LoadTimeWeaver setup: ignoring JPA class transformer
2025-04-12T00:10:39.940-03:00 DEBUG 29541 --- [conectapro] [main] o.h.boot.internal.BootstrapContextImpl   : Injecting JPA temp ClassLoader [null] into BootstrapContext; was [org.springframework.instrument.classloading.SimpleThrowawayClassLoader@7f42b194]
2025-04-12T00:10:39.940-03:00 DEBUG 29541 --- [conectapro] [main] o.h.boot.internal.ClassLoaderAccessImpl  : ClassLoaderAccessImpl#injectTempClassLoader(null) [was org.springframework.instrument.classloading.SimpleThrowawayClassLoader@7f42b194]
2025-04-12T00:10:39.941-03:00 DEBUG 29541 --- [conectapro] [RMI TCP Connection(2)-127.0.0.1] sun.rmi.transport.tcp                    : RMI TCP Connection(2)-127.0.0.1: (port 36697) op = 82
2025-04-12T00:10:39.941-03:00 DEBUG 29541 --- [conectapro] [RMI TCP Connection(2)-127.0.0.1] sun.rmi.transport.tcp                    : RMI TCP Connection(2)-127.0.0.1: (port 36697) op = 80
2025-04-12T00:10:39.941-03:00 DEBUG 29541 --- [conectapro] [RMI TCP Connection(2)-127.0.0.1] sun.rmi.loader                           : RMI TCP Connection(2)-127.0.0.1: name = "javax.management.ObjectName", codebase = ""
2025-04-12T00:10:39.942-03:00 DEBUG 29541 --- [conectapro] [RMI TCP Connection(2)-127.0.0.1] javax.management.remote.rmi              : connectionId=rmi://127.0.0.1  1, name=org.springframework.boot:type=Admin,name=SpringApplication, attribute=Ready
2025-04-12T00:10:39.942-03:00 DEBUG 29541 --- [conectapro] [RMI TCP Connection(2)-127.0.0.1] sun.rmi.server.call                      : RMI TCP Connection(2)-127.0.0.1: [127.0.0.1] exception: 

javax.management.InstanceNotFoundException: org.springframework.boot:type=Admin,name=SpringApplication
	at java.management/com.sun.jmx.interceptor.DefaultMBeanServerInterceptor.getMBean(DefaultMBeanServerInterceptor.java:1073) ~[na:na]
	at java.management/com.sun.jmx.interceptor.DefaultMBeanServerInterceptor.getAttribute(DefaultMBeanServerInterceptor.java:632) ~[na:na]
	at java.management/com.sun.jmx.mbeanserver.JmxMBeanServer.getAttribute(JmxMBeanServer.java:679) ~[na:na]
	at java.management.rmi/javax.management.remote.rmi.RMIConnectionImpl.doOperation(RMIConnectionImpl.java:1449) ~[na:na]
	at java.management.rmi/javax.management.remote.rmi.RMIConnectionImpl$PrivilegedOperation.run(RMIConnectionImpl.java:1310) ~[na:na]
	at java.management.rmi/javax.management.remote.rmi.RMIConnectionImpl.doPrivilegedOperation(RMIConnectionImpl.java:1405) ~[na:na]
	at java.management.rmi/javax.management.remote.rmi.RMIConnectionImpl.getAttribute(RMIConnectionImpl.java:639) ~[na:na]
	at java.base/jdk.internal.reflect.DirectMethodHandleAccessor.invoke(DirectMethodHandleAccessor.java:103) ~[na:na]
	at java.base/java.lang.reflect.Method.invoke(Method.java:580) ~[na:na]
	at java.rmi/sun.rmi.server.UnicastServerRef.dispatch(UnicastServerRef.java:360) ~[na:na]
	at java.rmi/sun.rmi.transport.Transport$1.run(Transport.java:200) ~[na:na]
	at java.rmi/sun.rmi.transport.Transport$1.run(Transport.java:197) ~[na:na]
	at java.base/java.security.AccessController.doPrivileged(AccessController.java:714) ~[na:na]
	at java.rmi/sun.rmi.transport.Transport.serviceCall(Transport.java:196) ~[na:na]
	at java.rmi/sun.rmi.transport.tcp.TCPTransport.handleMessages(TCPTransport.java:598) ~[na:na]
	at java.rmi/sun.rmi.transport.tcp.TCPTransport$ConnectionHandler.run0(TCPTransport.java:844) ~[na:na]
	at java.rmi/sun.rmi.transport.tcp.TCPTransport$ConnectionHandler.lambda$run$0(TCPTransport.java:721) ~[na:na]
	at java.base/java.security.AccessController.doPrivileged(AccessController.java:400) ~[na:na]
	at java.rmi/sun.rmi.transport.tcp.TCPTransport$ConnectionHandler.run(TCPTransport.java:720) ~[na:na]
	at java.base/java.util.concurrent.ThreadPoolExecutor.runWorker(ThreadPoolExecutor.java:1144) ~[na:na]
	at java.base/java.util.concurrent.ThreadPoolExecutor$Worker.run(ThreadPoolExecutor.java:642) ~[na:na]
	at java.base/java.lang.Thread.run(Thread.java:1583) ~[na:na]

2025-04-12T00:10:39.968-03:00 DEBUG 29541 --- [conectapro] [main] com.zaxxer.hikari.HikariConfig           : HikariPool-1 - configuration:
2025-04-12T00:10:39.970-03:00 DEBUG 29541 --- [conectapro] [main] com.zaxxer.hikari.HikariConfig           : allowPoolSuspension.............false
2025-04-12T00:10:39.971-03:00 DEBUG 29541 --- [conectapro] [main] com.zaxxer.hikari.HikariConfig           : autoCommit......................true
2025-04-12T00:10:39.971-03:00 DEBUG 29541 --- [conectapro] [main] com.zaxxer.hikari.HikariConfig           : catalog.........................none
2025-04-12T00:10:39.971-03:00 DEBUG 29541 --- [conectapro] [main] com.zaxxer.hikari.HikariConfig           : connectionInitSql...............none
2025-04-12T00:10:39.971-03:00 DEBUG 29541 --- [conectapro] [main] com.zaxxer.hikari.HikariConfig           : connectionTestQuery.............none
2025-04-12T00:10:39.971-03:00 DEBUG 29541 --- [conectapro] [main] com.zaxxer.hikari.HikariConfig           : connectionTimeout...............30000
2025-04-12T00:10:39.971-03:00 DEBUG 29541 --- [conectapro] [main] com.zaxxer.hikari.HikariConfig           : dataSource......................none
2025-04-12T00:10:39.972-03:00 DEBUG 29541 --- [conectapro] [main] com.zaxxer.hikari.HikariConfig           : dataSourceClassName.............none
2025-04-12T00:10:39.972-03:00 DEBUG 29541 --- [conectapro] [main] com.zaxxer.hikari.HikariConfig           : dataSourceJNDI..................none
2025-04-12T00:10:39.972-03:00 DEBUG 29541 --- [conectapro] [main] com.zaxxer.hikari.HikariConfig           : dataSourceProperties............{password=<masked>}
2025-04-12T00:10:39.972-03:00 DEBUG 29541 --- [conectapro] [main] com.zaxxer.hikari.HikariConfig           : driverClassName................."com.mysql.cj.jdbc.Driver"
2025-04-12T00:10:39.972-03:00 DEBUG 29541 --- [conectapro] [main] com.zaxxer.hikari.HikariConfig           : exceptionOverrideClassName......none
2025-04-12T00:10:39.972-03:00 DEBUG 29541 --- [conectapro] [main] com.zaxxer.hikari.HikariConfig           : healthCheckProperties...........{}
2025-04-12T00:10:39.972-03:00 DEBUG 29541 --- [conectapro] [main] com.zaxxer.hikari.HikariConfig           : healthCheckRegistry.............none
2025-04-12T00:10:39.972-03:00 DEBUG 29541 --- [conectapro] [main] com.zaxxer.hikari.HikariConfig           : idleTimeout.....................600000
2025-04-12T00:10:39.972-03:00 DEBUG 29541 --- [conectapro] [main] com.zaxxer.hikari.HikariConfig           : initializationFailTimeout.......1
2025-04-12T00:10:39.972-03:00 DEBUG 29541 --- [conectapro] [main] com.zaxxer.hikari.HikariConfig           : isolateInternalQueries..........false
2025-04-12T00:10:39.972-03:00 DEBUG 29541 --- [conectapro] [main] com.zaxxer.hikari.HikariConfig           : jdbcUrl.........................jdbc:mysql://localhost:3306/conectapro?useSSL=false&serverTimezone=UTC
2025-04-12T00:10:39.972-03:00 DEBUG 29541 --- [conectapro] [main] com.zaxxer.hikari.HikariConfig           : keepaliveTime...................0
2025-04-12T00:10:39.973-03:00 DEBUG 29541 --- [conectapro] [main] com.zaxxer.hikari.HikariConfig           : leakDetectionThreshold..........0
2025-04-12T00:10:39.973-03:00 DEBUG 29541 --- [conectapro] [main] com.zaxxer.hikari.HikariConfig           : maxLifetime.....................1800000
2025-04-12T00:10:39.973-03:00 DEBUG 29541 --- [conectapro] [main] com.zaxxer.hikari.HikariConfig           : maximumPoolSize.................10
2025-04-12T00:10:39.973-03:00 DEBUG 29541 --- [conectapro] [main] com.zaxxer.hikari.HikariConfig           : metricRegistry..................none
2025-04-12T00:10:39.973-03:00 DEBUG 29541 --- [conectapro] [main] com.zaxxer.hikari.HikariConfig           : metricsTrackerFactory...........none
2025-04-12T00:10:39.973-03:00 DEBUG 29541 --- [conectapro] [main] com.zaxxer.hikari.HikariConfig           : minimumIdle.....................10
2025-04-12T00:10:39.973-03:00 DEBUG 29541 --- [conectapro] [main] com.zaxxer.hikari.HikariConfig           : password........................<masked>
2025-04-12T00:10:39.973-03:00 DEBUG 29541 --- [conectapro] [main] com.zaxxer.hikari.HikariConfig           : poolName........................"HikariPool-1"
2025-04-12T00:10:39.973-03:00 DEBUG 29541 --- [conectapro] [main] com.zaxxer.hikari.HikariConfig           : readOnly........................false
2025-04-12T00:10:39.973-03:00 DEBUG 29541 --- [conectapro] [main] com.zaxxer.hikari.HikariConfig           : registerMbeans..................false
2025-04-12T00:10:39.973-03:00 DEBUG 29541 --- [conectapro] [main] com.zaxxer.hikari.HikariConfig           : scheduledExecutor...............none
2025-04-12T00:10:39.973-03:00 DEBUG 29541 --- [conectapro] [main] com.zaxxer.hikari.HikariConfig           : schema..........................none
2025-04-12T00:10:39.973-03:00 DEBUG 29541 --- [conectapro] [main] com.zaxxer.hikari.HikariConfig           : threadFactory...................internal
2025-04-12T00:10:39.973-03:00 DEBUG 29541 --- [conectapro] [main] com.zaxxer.hikari.HikariConfig           : transactionIsolation............default
2025-04-12T00:10:39.973-03:00 DEBUG 29541 --- [conectapro] [main] com.zaxxer.hikari.HikariConfig           : username........................"charles"
2025-04-12T00:10:39.973-03:00 DEBUG 29541 --- [conectapro] [main] com.zaxxer.hikari.HikariConfig           : validationTimeout...............5000
2025-04-12T00:10:39.973-03:00  INFO 29541 --- [conectapro] [main] com.zaxxer.hikari.HikariDataSource       : HikariPool-1 - Starting...
2025-04-12T00:10:40.089-03:00  INFO 29541 --- [conectapro] [main] com.zaxxer.hikari.pool.HikariPool        : HikariPool-1 - Added connection com.mysql.cj.jdbc.ConnectionImpl@ccd000e
2025-04-12T00:10:40.091-03:00  INFO 29541 --- [conectapro] [main] com.zaxxer.hikari.HikariDataSource       : HikariPool-1 - Start completed.
2025-04-12T00:10:40.095-03:00 DEBUG 29541 --- [conectapro] [main] o.h.e.j.e.i.JdbcEnvironmentInitiator     : Database ->
	   name : MySQL
	version : 8.0.41-0ubuntu0.22.04.1
	  major : 8
	  minor : 0
2025-04-12T00:10:40.095-03:00 DEBUG 29541 --- [conectapro] [main] o.h.e.j.e.i.JdbcEnvironmentInitiator     : Driver ->
	   name : MySQL Connector/J
	version : mysql-connector-j-9.1.0 (Revision: cf2917ea44ae2e43a4514a33771035aa99de73bf)
	  major : 9
	  minor : 1
2025-04-12T00:10:40.095-03:00 DEBUG 29541 --- [conectapro] [main] o.h.e.j.e.i.JdbcEnvironmentInitiator     : JDBC version : 4.2
2025-04-12T00:10:40.120-03:00  WARN 29541 --- [conectapro] [main] org.hibernate.orm.deprecation            : HHH90000025: MySQL8Dialect does not need to be specified explicitly using 'hibernate.dialect' (remove the property setting and it will be selected by default)
2025-04-12T00:10:40.121-03:00 DEBUG 29541 --- [conectapro] [main] org.hibernate.orm.dialect                : HHH035001: Using dialect: org.hibernate.dialect.MySQL8Dialect, version: 8.0
2025-04-12T00:10:40.121-03:00  WARN 29541 --- [conectapro] [main] org.hibernate.orm.deprecation            : HHH90000026: MySQL8Dialect has been deprecated; use org.hibernate.dialect.MySQLDialect instead
2025-04-12T00:10:40.123-03:00 DEBUG 29541 --- [conectapro] [main] o.h.e.j.env.spi.IdentifierHelperBuilder  : JDBC driver metadata reported database stores quoted identifiers in more than one case
2025-04-12T00:10:40.123-03:00 DEBUG 29541 --- [conectapro] [main] o.h.e.j.env.spi.IdentifierHelperBuilder  : IdentifierCaseStrategy for both quoted and unquoted identifiers was set to the same strategy [MIXED]; that will likely lead to problems in schema update and validation if using quoted identifiers
2025-04-12T00:10:40.133-03:00  INFO 29541 --- [conectapro] [main] org.hibernate.orm.connections.pooling    : HHH10001005: Database info:
	Database JDBC URL [Connecting through datasource 'HikariDataSource (HikariPool-1)']
	Database driver: undefined/unknown
	Database version: 8.0
	Autocommit mode: undefined/unknown
	Isolation level: undefined/unknown
	Minimum pool size: undefined/unknown
	Maximum pool size: undefined/unknown
2025-04-12T00:10:40.138-03:00 DEBUG 29541 --- [conectapro] [main] o.h.t.d.sql.spi.DdlTypeRegistry          : addDescriptor(12, org.hibernate.type.descriptor.sql.internal.CapacityDependentDdlType@76e00bdb) replaced previous registration(org.hibernate.type.descriptor.sql.internal.CapacityDependentDdlType@7ee2423)
2025-04-12T00:10:40.138-03:00 DEBUG 29541 --- [conectapro] [main] o.h.t.d.sql.spi.DdlTypeRegistry          : addDescriptor(-9, org.hibernate.type.descriptor.sql.internal.CapacityDependentDdlType@343d1d25) replaced previous registration(org.hibernate.type.descriptor.sql.internal.CapacityDependentDdlType@762da62b)
2025-04-12T00:10:40.138-03:00 DEBUG 29541 --- [conectapro] [main] o.h.t.d.sql.spi.DdlTypeRegistry          : addDescriptor(-3, org.hibernate.type.descriptor.sql.internal.CapacityDependentDdlType@e5c5e6) replaced previous registration(org.hibernate.type.descriptor.sql.internal.CapacityDependentDdlType@76dc36e5)
2025-04-12T00:10:40.138-03:00 DEBUG 29541 --- [conectapro] [main] o.h.t.d.sql.spi.DdlTypeRegistry          : addDescriptor(4003, org.hibernate.type.descriptor.sql.internal.DdlTypeImpl@2a54c92e) replaced previous registration(org.hibernate.type.descriptor.sql.internal.DdlTypeImpl@31533eb1)
2025-04-12T00:10:40.138-03:00 DEBUG 29541 --- [conectapro] [main] o.h.t.d.sql.spi.DdlTypeRegistry          : addDescriptor(4001, org.hibernate.type.descriptor.sql.internal.DdlTypeImpl@1fb71788) replaced previous registration(org.hibernate.type.descriptor.sql.internal.DdlTypeImpl@8cb7185)
2025-04-12T00:10:40.138-03:00 DEBUG 29541 --- [conectapro] [main] o.h.t.d.sql.spi.DdlTypeRegistry          : addDescriptor(4002, org.hibernate.type.descriptor.sql.internal.DdlTypeImpl@4dac40b) replaced previous registration(org.hibernate.type.descriptor.sql.internal.DdlTypeImpl@2c54c497)
2025-04-12T00:10:40.138-03:00 DEBUG 29541 --- [conectapro] [main] o.h.t.d.sql.spi.DdlTypeRegistry          : addDescriptor(2004, org.hibernate.type.descriptor.sql.internal.CapacityDependentDdlType@b788dc2) replaced previous registration(org.hibernate.type.descriptor.sql.internal.DdlTypeImpl@58ec8271)
2025-04-12T00:10:40.138-03:00 DEBUG 29541 --- [conectapro] [main] o.h.t.d.sql.spi.DdlTypeRegistry          : addDescriptor(2005, org.hibernate.type.descriptor.sql.internal.CapacityDependentDdlType@a44effb) replaced previous registration(org.hibernate.type.descriptor.sql.internal.DdlTypeImpl@3ee258)
2025-04-12T00:10:40.138-03:00 DEBUG 29541 --- [conectapro] [main] o.h.t.d.sql.spi.DdlTypeRegistry          : addDescriptor(2011, org.hibernate.type.descriptor.sql.internal.CapacityDependentDdlType@4f676900) replaced previous registration(org.hibernate.type.descriptor.sql.internal.DdlTypeImpl@73a49597)
2025-04-12T00:10:40.140-03:00 DEBUG 29541 --- [conectapro] [main] o.h.t.d.jdbc.spi.JdbcTypeRegistry        : addDescriptor(NCharTypeDescriptor) replaced previous registration(CharTypeDescriptor)
2025-04-12T00:10:40.140-03:00 DEBUG 29541 --- [conectapro] [main] o.h.t.d.jdbc.spi.JdbcTypeRegistry        : addDescriptor(NVarcharTypeDescriptor) replaced previous registration(VarcharTypeDescriptor)
2025-04-12T00:10:40.140-03:00 DEBUG 29541 --- [conectapro] [main] o.h.t.d.jdbc.spi.JdbcTypeRegistry        : addDescriptor(LongNVarcharTypeDescriptor) replaced previous registration(LongVarcharTypeDescriptor)
2025-04-12T00:10:40.142-03:00 DEBUG 29541 --- [conectapro] [main] o.h.t.d.jdbc.spi.JdbcTypeRegistry        : addDescriptor(NClobTypeDescriptor(DEFAULT)) replaced previous registration(ClobTypeDescriptor(DEFAULT))
2025-04-12T00:10:40.144-03:00 DEBUG 29541 --- [conectapro] [main] org.hibernate.type.BasicTypeRegistry     : Adding type registration null -> org.hibernate.type.NullType@92fd091
2025-04-12T00:10:40.144-03:00 DEBUG 29541 --- [conectapro] [main] org.hibernate.type.BasicTypeRegistry     : Type registration key [null] overrode previous entry : `org.hibernate.type.NullType@3f6c2763`
2025-04-12T00:10:40.146-03:00 DEBUG 29541 --- [conectapro] [main] org.hibernate.type.BasicTypeRegistry     : Adding type registration org.hibernate.type.DurationType -> basicType@1(java.time.Duration,3015)
2025-04-12T00:10:40.146-03:00 DEBUG 29541 --- [conectapro] [main] org.hibernate.type.BasicTypeRegistry     : Adding type registration Duration -> basicType@1(java.time.Duration,3015)
2025-04-12T00:10:40.146-03:00 DEBUG 29541 --- [conectapro] [main] org.hibernate.type.BasicTypeRegistry     : Adding type registration java.time.Duration -> basicType@1(java.time.Duration,3015)
2025-04-12T00:10:40.149-03:00 DEBUG 29541 --- [conectapro] [main] org.hibernate.type.BasicTypeRegistry     : Adding type registration org.hibernate.type.OffsetDateTimeType -> basicType@2(java.time.OffsetDateTime,3003)
2025-04-12T00:10:40.149-03:00 DEBUG 29541 --- [conectapro] [main] org.hibernate.type.BasicTypeRegistry     : Adding type registration OffsetDateTime -> basicType@2(java.time.OffsetDateTime,3003)
2025-04-12T00:10:40.149-03:00 DEBUG 29541 --- [conectapro] [main] org.hibernate.type.BasicTypeRegistry     : Adding type registration java.time.OffsetDateTime -> basicType@2(java.time.OffsetDateTime,3003)
2025-04-12T00:10:40.149-03:00 DEBUG 29541 --- [conectapro] [main] org.hibernate.type.BasicTypeRegistry     : Adding type registration org.hibernate.type.ZonedDateTimeType -> basicType@3(java.time.ZonedDateTime,3003)
2025-04-12T00:10:40.149-03:00 DEBUG 29541 --- [conectapro] [main] org.hibernate.type.BasicTypeRegistry     : Adding type registration ZonedDateTime -> basicType@3(java.time.ZonedDateTime,3003)
2025-04-12T00:10:40.149-03:00 DEBUG 29541 --- [conectapro] [main] org.hibernate.type.BasicTypeRegistry     : Adding type registration java.time.ZonedDateTime -> basicType@3(java.time.ZonedDateTime,3003)
2025-04-12T00:10:40.149-03:00 DEBUG 29541 --- [conectapro] [main] org.hibernate.type.BasicTypeRegistry     : Adding type registration org.hibernate.type.OffsetTimeType -> basicType@4(java.time.OffsetTime,3007)
2025-04-12T00:10:40.149-03:00 DEBUG 29541 --- [conectapro] [main] org.hibernate.type.BasicTypeRegistry     : Adding type registration OffsetTime -> basicType@4(java.time.OffsetTime,3007)
2025-04-12T00:10:40.149-03:00 DEBUG 29541 --- [conectapro] [main] org.hibernate.type.BasicTypeRegistry     : Adding type registration java.time.OffsetTime -> basicType@4(java.time.OffsetTime,3007)
2025-04-12T00:10:40.150-03:00 DEBUG 29541 --- [conectapro] [main] o.h.type.spi.TypeConfiguration$Scope     : Scoping TypeConfiguration [org.hibernate.type.spi.TypeConfiguration@2e0fdc83] to MetadataBuildingContext [org.hibernate.boot.internal.MetadataBuildingContextRootImpl@5dacf18d]
2025-04-12T00:10:40.173-03:00 DEBUG 29541 --- [conectapro] [main] o.h.boot.model.relational.Namespace      : Created database namespace [logicalName=Name{catalog=null, schema=null}, physicalName=Name{catalog=null, schema=null}]
2025-04-12T00:10:40.189-03:00 DEBUG 29541 --- [conectapro] [main] o.h.boot.model.internal.EntityBinder     : Binding entity from annotated class: com.conectapro.conectapro.entity.UserEntity
2025-04-12T00:10:40.191-03:00 DEBUG 29541 --- [conectapro] [HikariPool-1 housekeeper] com.zaxxer.hikari.pool.HikariPool        : HikariPool-1 - Pool stats (total=1, active=0, idle=1, waiting=0)
2025-04-12T00:10:40.193-03:00 DEBUG 29541 --- [conectapro] [main] o.h.boot.model.internal.EntityBinder     : Import with entity name UserEntity
2025-04-12T00:10:40.195-03:00 DEBUG 29541 --- [conectapro] [HikariPool-1 connection adder] com.zaxxer.hikari.pool.HikariPool        : HikariPool-1 - Added connection com.mysql.cj.jdbc.ConnectionImpl@22a41662
2025-04-12T00:10:40.201-03:00 DEBUG 29541 --- [conectapro] [main] o.h.boot.model.internal.EntityBinder     : Bind entity com.conectapro.conectapro.entity.UserEntity on table user
2025-04-12T00:10:40.211-03:00 DEBUG 29541 --- [conectapro] [main] o.h.boot.model.internal.AnnotatedColumn  : Binding column: AnnotatedDiscriminatorColumn(column='DTYPE')
2025-04-12T00:10:40.224-03:00 DEBUG 29541 --- [conectapro] [main] o.h.boot.model.internal.AnnotatedColumn  : Binding column: AnnotatedColumn(column='login')
2025-04-12T00:10:40.225-03:00 DEBUG 29541 --- [conectapro] [HikariPool-1 connection adder] com.zaxxer.hikari.pool.HikariPool        : HikariPool-1 - After adding stats (total=2, active=0, idle=2, waiting=0)
2025-04-12T00:10:40.225-03:00 DEBUG 29541 --- [conectapro] [main] o.h.boot.internal.ClassLoaderAccessImpl  : Not known whether passed class name [com.conectapro.conectapro.entity.UserEntity] is safe
2025-04-12T00:10:40.225-03:00 DEBUG 29541 --- [conectapro] [main] o.h.boot.internal.ClassLoaderAccessImpl  : No temp ClassLoader provided; using live ClassLoader for loading potentially unsafe class : com.conectapro.conectapro.entity.UserEntity
2025-04-12T00:10:40.228-03:00 DEBUG 29541 --- [conectapro] [HikariPool-1 connection adder] com.zaxxer.hikari.pool.HikariPool        : HikariPool-1 - Added connection com.mysql.cj.jdbc.ConnectionImpl@63991c59
2025-04-12T00:10:40.229-03:00 DEBUG 29541 --- [conectapro] [main] o.h.boot.model.internal.PropertyBinder   : MetadataSourceProcessor property login with lazy=false
2025-04-12T00:10:40.232-03:00 DEBUG 29541 --- [conectapro] [main] o.h.b.m.internal.AbstractPropertyHolder  : Attempting to locate auto-apply AttributeConverter for property [com.conectapro.conectapro.entity.UserEntity:login]
2025-04-12T00:10:40.234-03:00 DEBUG 29541 --- [conectapro] [main] o.h.b.model.internal.BasicValueBinder    : building BasicValue for login
2025-04-12T00:10:40.237-03:00 DEBUG 29541 --- [conectapro] [main] org.hibernate.mapping.BasicValue         : Skipping column re-registration: user.login
2025-04-12T00:10:40.237-03:00 DEBUG 29541 --- [conectapro] [main] o.h.boot.model.internal.PropertyBinder   : Building property login
2025-04-12T00:10:40.239-03:00 DEBUG 29541 --- [conectapro] [main] o.h.boot.model.internal.AnnotatedColumn  : Binding column: AnnotatedColumn(column='password')
2025-04-12T00:10:40.239-03:00 DEBUG 29541 --- [conectapro] [main] o.h.boot.model.internal.PropertyBinder   : MetadataSourceProcessor property password with lazy=false
2025-04-12T00:10:40.239-03:00 DEBUG 29541 --- [conectapro] [main] o.h.b.m.internal.AbstractPropertyHolder  : Attempting to locate auto-apply AttributeConverter for property [com.conectapro.conectapro.entity.UserEntity:password]
2025-04-12T00:10:40.239-03:00 DEBUG 29541 --- [conectapro] [main] o.h.b.model.internal.BasicValueBinder    : building BasicValue for password
2025-04-12T00:10:40.239-03:00 DEBUG 29541 --- [conectapro] [main] org.hibernate.mapping.BasicValue         : Skipping column re-registration: user.password
2025-04-12T00:10:40.239-03:00 DEBUG 29541 --- [conectapro] [main] o.h.boot.model.internal.PropertyBinder   : Building property password
2025-04-12T00:10:40.241-03:00 DEBUG 29541 --- [conectapro] [main] o.h.b.r.c.i.ClassLoaderServiceImpl       : HHH000194: Package not found or no package-info.java: com.conectapro.conectapro.entity
2025-04-12T00:10:40.244-03:00 DEBUG 29541 --- [conectapro] [main] o.h.b.model.internal.BasicValueBinder    : Starting `BasicValueBinder#fillSimpleValue` for login
2025-04-12T00:10:40.245-03:00 DEBUG 29541 --- [conectapro] [main] o.h.b.model.internal.BasicValueBinder    : Starting `BasicValueBinder#fillSimpleValue` for password
2025-04-12T00:10:40.247-03:00 DEBUG 29541 --- [conectapro] [main] org.hibernate.mapping.PrimaryKey         : Forcing column [login] to be non-null as it is part of the primary key for table [user]
2025-04-12T00:10:40.258-03:00 DEBUG 29541 --- [conectapro] [HikariPool-1 connection adder] com.zaxxer.hikari.pool.HikariPool        : HikariPool-1 - After adding stats (total=3, active=0, idle=3, waiting=0)
2025-04-12T00:10:40.261-03:00 DEBUG 29541 --- [conectapro] [HikariPool-1 connection adder] com.zaxxer.hikari.pool.HikariPool        : HikariPool-1 - Added connection com.mysql.cj.jdbc.ConnectionImpl@523019d9
2025-04-12T00:10:40.286-03:00 DEBUG 29541 --- [conectapro] [main] o.hibernate.internal.SessionFactoryImpl  : Building session factory
2025-04-12T00:10:40.292-03:00 DEBUG 29541 --- [conectapro] [HikariPool-1 connection adder] com.zaxxer.hikari.pool.HikariPool        : HikariPool-1 - After adding stats (total=4, active=0, idle=4, waiting=0)
2025-04-12T00:10:40.294-03:00 DEBUG 29541 --- [conectapro] [HikariPool-1 connection adder] com.zaxxer.hikari.pool.HikariPool        : HikariPool-1 - Added connection com.mysql.cj.jdbc.ConnectionImpl@3b6e316
2025-04-12T00:10:40.322-03:00 DEBUG 29541 --- [conectapro] [main] .h.s.i.SessionFactoryServiceRegistryImpl : EventListenerRegistry access via ServiceRegistry is deprecated.  Use `sessionFactory.getEventEngine().getListenerRegistry()` instead
2025-04-12T00:10:40.323-03:00 DEBUG 29541 --- [conectapro] [main] o.hibernate.internal.SessionFactoryImpl  : Instantiating SessionFactory with settings: {java.specification.version=21, hibernate.resource.beans.container=org.springframework.orm.hibernate5.SpringBeanContainer@713e49c3, hibernate.connection.handling_mode=DELAYED_ACQUISITION_AND_HOLD, sun.jnu.encoding=UTF-8, hibernate.dialect=org.hibernate.dialect.MySQL8Dialect, hibernate.implicit_naming_strategy=org.springframework.boot.orm.jpa.hibernate.SpringImplicitNamingStrategy, java.class.path=/home/charles/eclipse-workspace/conectapro/target/classes:/home/charles/.m2/repository/org/springframework/boot/spring-boot-starter-web/3.4.4/spring-boot-starter-web-3.4.4.jar:/home/charles/.m2/repository/org/springframework/boot/spring-boot-starter-json/3.4.4/spring-boot-starter-json-3.4.4.jar:/home/charles/.m2/repository/com/fasterxml/jackson/datatype/jackson-datatype-jdk8/2.18.3/jackson-datatype-jdk8-2.18.3.jar:/home/charles/.m2/repository/com/fasterxml/jackson/datatype/jackson-datatype-jsr310/2.18.3/jackson-datatype-jsr310-2.18.3.jar:/home/charles/.m2/repository/com/fasterxml/jackson/module/jackson-module-parameter-names/2.18.3/jackson-module-parameter-names-2.18.3.jar:/home/charles/.m2/repository/org/springframework/spring-web/6.2.5/spring-web-6.2.5.jar:/home/charles/.m2/repository/org/springframework/spring-webmvc/6.2.5/spring-webmvc-6.2.5.jar:/home/charles/.m2/repository/org/projectlombok/lombok/1.18.30/lombok-1.18.30.jar:/home/charles/.m2/repository/org/springframework/boot/spring-boot-starter-tomcat/3.4.4/spring-boot-starter-tomcat-3.4.4.jar:/home/charles/.m2/repository/jakarta/annotation/jakarta.annotation-api/2.1.1/jakarta.annotation-api-2.1.1.jar:/home/charles/.m2/repository/org/apache/tomcat/embed/tomcat-embed-core/10.1.39/tomcat-embed-core-10.1.39.jar:/home/charles/.m2/repository/org/apache/tomcat/embed/tomcat-embed-el/10.1.39/tomcat-embed-el-10.1.39.jar:/home/charles/.m2/repository/org/apache/tomcat/embed/tomcat-embed-websocket/10.1.39/tomcat-embed-websocket-10.1.39.jar:/home/charles/.m2/repository/org/slf4j/slf4j-api/2.0.17/slf4j-api-2.0.17.jar:/home/charles/.m2/repository/jakarta/xml/bind/jakarta.xml.bind-api/4.0.2/jakarta.xml.bind-api-4.0.2.jar:/home/charles/.m2/repository/jakarta/activation/jakarta.activation-api/2.1.3/jakarta.activation-api-2.1.3.jar:/home/charles/.m2/repository/net/bytebuddy/byte-buddy/1.15.11/byte-buddy-1.15.11.jar:/home/charles/.m2/repository/org/springframework/spring-core/6.2.5/spring-core-6.2.5.jar:/home/charles/.m2/repository/org/springframework/spring-jcl/6.2.5/spring-jcl-6.2.5.jar:/home/charles/.m2/repository/com/mysql/mysql-connector-j/9.1.0/mysql-connector-j-9.1.0.jar:/home/charles/.m2/repository/org/springframework/security/spring-security-core/6.4.4/spring-security-core-6.4.4.jar:/home/charles/.m2/repository/org/springframework/security/spring-security-crypto/6.4.4/spring-security-crypto-6.4.4.jar:/home/charles/.m2/repository/org/springframework/spring-aop/6.2.5/spring-aop-6.2.5.jar:/home/charles/.m2/repository/org/springframework/spring-beans/6.2.5/spring-beans-6.2.5.jar:/home/charles/.m2/repository/org/springframework/spring-context/6.2.5/spring-context-6.2.5.jar:/home/charles/.m2/repository/org/springframework/spring-expression/6.2.5/spring-expression-6.2.5.jar:/home/charles/.m2/repository/io/micrometer/micrometer-observation/1.14.5/micrometer-observation-1.14.5.jar:/home/charles/.m2/repository/io/micrometer/micrometer-commons/1.14.5/micrometer-commons-1.14.5.jar:/home/charles/.m2/repository/org/springframework/boot/spring-boot-starter/3.4.4/spring-boot-starter-3.4.4.jar:/home/charles/.m2/repository/org/springframework/boot/spring-boot/3.4.4/spring-boot-3.4.4.jar:/home/charles/.m2/repository/org/springframework/boot/spring-boot-autoconfigure/3.4.4/spring-boot-autoconfigure-3.4.4.jar:/home/charles/.m2/repository/org/springframework/boot/spring-boot-starter-logging/3.4.4/spring-boot-starter-logging-3.4.4.jar:/home/charles/.m2/repository/ch/qos/logback/logback-classic/1.5.18/logback-classic-1.5.18.jar:/home/charles/.m2/repository/ch/qos/logback/logback-core/1.5.18/logback-core-1.5.18.jar:/home/charles/.m2/repository/org/apache/logging/log4j/log4j-to-slf4j/2.24.3/log4j-to-slf4j-2.24.3.jar:/home/charles/.m2/repository/org/apache/logging/log4j/log4j-api/2.24.3/log4j-api-2.24.3.jar:/home/charles/.m2/repository/org/slf4j/jul-to-slf4j/2.0.17/jul-to-slf4j-2.0.17.jar:/home/charles/.m2/repository/org/yaml/snakeyaml/2.3/snakeyaml-2.3.jar:/home/charles/.m2/repository/io/jsonwebtoken/jjwt-api/0.11.5/jjwt-api-0.11.5.jar:/home/charles/.m2/repository/io/jsonwebtoken/jjwt-impl/0.11.5/jjwt-impl-0.11.5.jar:/home/charles/.m2/repository/io/jsonwebtoken/jjwt-jackson/0.11.5/jjwt-jackson-0.11.5.jar:/home/charles/.m2/repository/com/fasterxml/jackson/core/jackson-databind/2.18.3/jackson-databind-2.18.3.jar:/home/charles/.m2/repository/com/fasterxml/jackson/core/jackson-annotations/2.18.3/jackson-annotations-2.18.3.jar:/home/charles/.m2/repository/com/fasterxml/jackson/core/jackson-core/2.18.3/jackson-core-2.18.3.jar:/home/charles/.m2/repository/org/springframework/boot/spring-boot-starter-data-jpa/3.4.4/spring-boot-starter-data-jpa-3.4.4.jar:/home/charles/.m2/repository/org/springframework/boot/spring-boot-starter-jdbc/3.4.4/spring-boot-starter-jdbc-3.4.4.jar:/home/charles/.m2/repository/com/zaxxer/HikariCP/5.1.0/HikariCP-5.1.0.jar:/home/charles/.m2/repository/org/springframework/spring-jdbc/6.2.5/spring-jdbc-6.2.5.jar:/home/charles/.m2/repository/org/hibernate/orm/hibernate-core/6.6.11.Final/hibernate-core-6.6.11.Final.jar:/home/charles/.m2/repository/jakarta/persistence/jakarta.persistence-api/3.1.0/jakarta.persistence-api-3.1.0.jar:/home/charles/.m2/repository/jakarta/transaction/jakarta.transaction-api/2.0.1/jakarta.transaction-api-2.0.1.jar:/home/charles/.m2/repository/org/jboss/logging/jboss-logging/3.6.1.Final/jboss-logging-3.6.1.Final.jar:/home/charles/.m2/repository/org/hibernate/common/hibernate-commons-annotations/7.0.3.Final/hibernate-commons-annotations-7.0.3.Final.jar:/home/charles/.m2/repository/io/smallrye/jandex/3.2.0/jandex-3.2.0.jar:/home/charles/.m2/repository/com/fasterxml/classmate/1.7.0/classmate-1.7.0.jar:/home/charles/.m2/repository/org/glassfish/jaxb/jaxb-runtime/4.0.5/jaxb-runtime-4.0.5.jar:/home/charles/.m2/repository/org/glassfish/jaxb/jaxb-core/4.0.5/jaxb-core-4.0.5.jar:/home/charles/.m2/repository/org/eclipse/angus/angus-activation/2.0.2/angus-activation-2.0.2.jar:/home/charles/.m2/repository/org/glassfish/jaxb/txw2/4.0.5/txw2-4.0.5.jar:/home/charles/.m2/repository/com/sun/istack/istack-commons-runtime/4.1.2/istack-commons-runtime-4.1.2.jar:/home/charles/.m2/repository/jakarta/inject/jakarta.inject-api/2.0.1/jakarta.inject-api-2.0.1.jar:/home/charles/.m2/repository/org/antlr/antlr4-runtime/4.13.0/antlr4-runtime-4.13.0.jar:/home/charles/.m2/repository/org/springframework/data/spring-data-jpa/3.4.4/spring-data-jpa-3.4.4.jar:/home/charles/.m2/repository/org/springframework/data/spring-data-commons/3.4.4/spring-data-commons-3.4.4.jar:/home/charles/.m2/repository/org/springframework/spring-orm/6.2.5/spring-orm-6.2.5.jar:/home/charles/.m2/repository/org/springframework/spring-tx/6.2.5/spring-tx-6.2.5.jar:/home/charles/.m2/repository/org/springframework/spring-aspects/6.2.5/spring-aspects-6.2.5.jar:/home/charles/.m2/repository/org/aspectj/aspectjweaver/1.9.23/aspectjweaver-1.9.23.jar, com.sun.management.jmxremote.authenticate=false, java.vm.vendor=Ubuntu, LOG_PATH=logs, sun.arch.data.model=64, java.vendor.url=https://ubuntu.com/, catalina.useNaming=false, user.timezone=America/Sao_Paulo, jakarta.persistence.sharedCache.mode=UNSPECIFIED, org.jboss.logging.provider=slf4j, java.vm.specification.version=21, os.name=Linux, APPLICATION_NAME=conectapro, jakarta.persistence.nonJtaDataSource=HikariDataSource (HikariPool-1), sun.java.launcher=SUN_STANDARD, user.country=BR, sun.boot.library.path=/usr/lib/jvm/java-21-openjdk-amd64/lib, com.sun.management.jmxremote.ssl=false, sun.java.command=com.conectapro.conectapro.ConectaproApplication --spring.output.ansi.enabled=always, spring.application.admin.enabled=true, javax.persistence.nonJtaDataSource=HikariDataSource (HikariPool-1), hibernate.transaction.jta.platform=org.hibernate.engine.transaction.jta.platform.internal.NoJtaPlatform@13d5606c, com.sun.management.jmxremote=, jdk.debug=release, sun.cpu.endian=little, hibernate.cdi.extensions=true, spring.boot.project.name=conectapro, user.home=/home/charles, user.language=pt, java.specification.vendor=Oracle Corporation, java.version.date=2024-10-15, java.home=/usr/lib/jvm/java-21-openjdk-amd64, file.separator=/, java.vm.compressedOopsMode=32-bit, line.separator=
, hibernate.persistenceUnitName=default, java.vm.specification.vendor=Oracle Corporation, java.specification.name=Java Platform API Specification, FILE_LOG_CHARSET=UTF-8, hibernate.transaction.coordinator_class=class org.hibernate.resource.transaction.backend.jdbc.internal.JdbcResourceLocalTransactionCoordinatorBuilderImpl, java.awt.headless=true, jakarta.persistence.validation.mode=AUTO, hibernate.hbm2ddl.auto=update, sun.management.compiler=HotSpot 64-Bit Tiered Compilers, java.runtime.version=21.0.5+11-Ubuntu-1ubuntu122.04, user.name=charles, spring.jmx.enabled=true, stdout.encoding=UTF-8, path.separator=:, java.security.egd=file:/dev/./urandom, management.endpoints.jmx.exposure.include=*, os.version=6.8.0-52-generic, java.runtime.name=OpenJDK Runtime Environment, file.encoding=UTF-8, java.vm.name=OpenJDK 64-Bit Server VM, hibernate.show_sql=true, LOG_FILE=logs/conectapro.log, java.vendor.url.bug=https://bugs.launchpad.net/ubuntu/+source/openjdk-21, java.io.tmpdir=/tmp, catalina.home=/tmp/tomcat.8001.15098814047904903939, com.sun.management.jmxremote.port=32891, java.version=21.0.5, hibernate.physical_naming_strategy=org.hibernate.boot.model.naming.CamelCaseToUnderscoresNamingStrategy, user.dir=/home/charles/eclipse-workspace/conectapro, os.arch=amd64, java.vm.specification.name=Java Virtual Machine Specification, PID=29541, CONSOLE_LOG_CHARSET=UTF-8, catalina.base=/tmp/tomcat.8001.15098814047904903939, hibernate.boot.CfgXmlAccessService.key=org.hibernate.boot.registry.StandardServiceRegistryBuilder$1@6bf54260, native.encoding=UTF-8, java.library.path=/usr/java/packages/lib:/usr/lib/x86_64-linux-gnu/jni:/lib/x86_64-linux-gnu:/usr/lib/x86_64-linux-gnu:/usr/lib/jni:/lib:/usr/lib, stderr.encoding=UTF-8, java.vendor=Ubuntu, java.vm.info=mixed mode, emulated-client, sharing, java.vm.version=21.0.5+11-Ubuntu-1ubuntu122.04, java.rmi.server.randomIDs=true, java.rmi.server.hostname=localhost, sun.io.unicode.encoding=UnicodeLittle, hibernate.archive.scanner=org.hibernate.boot.archive.scan.internal.DisabledScanner, hibernate.connection.datasource=HikariDataSource (HikariPool-1), java.class.version=65.0, LOGGED_APPLICATION_NAME=[conectapro] }
2025-04-12T00:10:40.325-03:00 DEBUG 29541 --- [conectapro] [HikariPool-1 connection adder] com.zaxxer.hikari.pool.HikariPool        : HikariPool-1 - After adding stats (total=5, active=0, idle=5, waiting=0)
2025-04-12T00:10:40.325-03:00 DEBUG 29541 --- [conectapro] [main] o.hibernate.internal.SessionFactoryImpl  : Session factory constructed with filter configurations : {}
2025-04-12T00:10:40.327-03:00 DEBUG 29541 --- [conectapro] [HikariPool-1 connection adder] com.zaxxer.hikari.pool.HikariPool        : HikariPool-1 - Added connection com.mysql.cj.jdbc.ConnectionImpl@2952b9f4
2025-04-12T00:10:40.354-03:00 DEBUG 29541 --- [conectapro] [main] o.h.q.sqm.function.SqmFunctionRegistry   : Registered SqmFunctionTemplate [NamedSqmFunctionTemplate(max)] under max; prior registration was null
2025-04-12T00:10:40.354-03:00 DEBUG 29541 --- [conectapro] [main] o.h.q.sqm.function.SqmFunctionRegistry   : Registered SqmFunctionTemplate [NamedSqmFunctionTemplate(min)] under min; prior registration was null
2025-04-12T00:10:40.355-03:00 DEBUG 29541 --- [conectapro] [main] o.h.q.sqm.function.SqmFunctionRegistry   : Registered SqmFunctionTemplate [NamedSqmFunctionTemplate(sum)] under sum; prior registration was null
2025-04-12T00:10:40.355-03:00 DEBUG 29541 --- [conectapro] [main] o.h.q.sqm.function.SqmFunctionRegistry   : Registered SqmFunctionTemplate [NamedSqmFunctionTemplate(avg)] under avg; prior registration was null
2025-04-12T00:10:40.356-03:00 DEBUG 29541 --- [conectapro] [main] o.h.q.sqm.function.SqmFunctionRegistry   : Registered SqmFunctionTemplate [org.hibernate.dialect.function.CountFunction@4738131e] under count; prior registration was null
2025-04-12T00:10:40.357-03:00 DEBUG 29541 --- [conectapro] [main] o.h.q.sqm.function.SqmFunctionRegistry   : Registered SqmFunctionTemplate [org.hibernate.dialect.function.EveryAnyEmulation@44392e64] under every; prior registration was null
2025-04-12T00:10:40.357-03:00 DEBUG 29541 --- [conectapro] [main] o.h.q.sqm.function.SqmFunctionRegistry   : Registered SqmFunctionTemplate [org.hibernate.dialect.function.EveryAnyEmulation@e18d2a2] under any; prior registration was null
2025-04-12T00:10:40.357-03:00 DEBUG 29541 --- [conectapro] [main] o.h.q.sqm.function.SqmFunctionRegistry   : Registered SqmFunctionTemplate [NamedSqmFunctionTemplate(floor)] under floor; prior registration was null
2025-04-12T00:10:40.357-03:00 DEBUG 29541 --- [conectapro] [main] o.h.q.sqm.function.SqmFunctionRegistry   : Registered SqmFunctionTemplate [NamedSqmFunctionTemplate(ceiling)] under ceiling; prior registration was null
2025-04-12T00:10:40.357-03:00 DEBUG 29541 --- [conectapro] [main] o.h.q.sqm.function.SqmFunctionRegistry   : Registered SqmFunctionTemplate [NamedSqmFunctionTemplate(mod)] under mod; prior registration was null
2025-04-12T00:10:40.357-03:00 DEBUG 29541 --- [conectapro] [main] o.h.q.sqm.function.SqmFunctionRegistry   : Registered SqmFunctionTemplate [NamedSqmFunctionTemplate(abs)] under abs; prior registration was null
2025-04-12T00:10:40.357-03:00 DEBUG 29541 --- [conectapro] [main] o.h.q.sqm.function.SqmFunctionRegistry   : Registered SqmFunctionTemplate [NamedSqmFunctionTemplate(sign)] under sign; prior registration was null
2025-04-12T00:10:40.357-03:00 DEBUG 29541 --- [conectapro] [main] o.h.q.sqm.function.SqmFunctionRegistry   : Registered SqmFunctionTemplate [NamedSqmFunctionTemplate(sqrt)] under sqrt; prior registration was null
2025-04-12T00:10:40.357-03:00 DEBUG 29541 --- [conectapro] [main] o.h.q.sqm.function.SqmFunctionRegistry   : Registered SqmFunctionTemplate [NamedSqmFunctionTemplate(ln)] under ln; prior registration was null
2025-04-12T00:10:40.357-03:00 DEBUG 29541 --- [conectapro] [main] o.h.q.sqm.function.SqmFunctionRegistry   : Registered SqmFunctionTemplate [NamedSqmFunctionTemplate(exp)] under exp; prior registration was null
2025-04-12T00:10:40.357-03:00 DEBUG 29541 --- [conectapro] [main] o.h.q.sqm.function.SqmFunctionRegistry   : Registered SqmFunctionTemplate [NamedSqmFunctionTemplate(power)] under power; prior registration was null
2025-04-12T00:10:40.357-03:00 DEBUG 29541 --- [conectapro] [main] o.h.q.sqm.function.SqmFunctionRegistry   : Registered SqmFunctionTemplate [NamedSqmFunctionTemplate(round)] under round; prior registration was null
2025-04-12T00:10:40.357-03:00 DEBUG 29541 --- [conectapro] [main] o.h.q.sqm.function.SqmFunctionRegistry   : Registered SqmFunctionTemplate [NamedSqmFunctionTemplate(sin)] under sin; prior registration was null
2025-04-12T00:10:40.357-03:00 DEBUG 29541 --- [conectapro] [main] o.h.q.sqm.function.SqmFunctionRegistry   : Registered SqmFunctionTemplate [NamedSqmFunctionTemplate(cos)] under cos; prior registration was null
2025-04-12T00:10:40.357-03:00 DEBUG 29541 --- [conectapro] [main] o.h.q.sqm.function.SqmFunctionRegistry   : Registered SqmFunctionTemplate [NamedSqmFunctionTemplate(tan)] under tan; prior registration was null
2025-04-12T00:10:40.357-03:00 DEBUG 29541 --- [conectapro] [main] o.h.q.sqm.function.SqmFunctionRegistry   : Registered SqmFunctionTemplate [NamedSqmFunctionTemplate(asin)] under asin; prior registration was null
2025-04-12T00:10:40.357-03:00 DEBUG 29541 --- [conectapro] [main] o.h.q.sqm.function.SqmFunctionRegistry   : Registered SqmFunctionTemplate [NamedSqmFunctionTemplate(acos)] under acos; prior registration was null
2025-04-12T00:10:40.357-03:00 DEBUG 29541 --- [conectapro] [main] o.h.q.sqm.function.SqmFunctionRegistry   : Registered SqmFunctionTemplate [NamedSqmFunctionTemplate(atan)] under atan; prior registration was null
2025-04-12T00:10:40.357-03:00 DEBUG 29541 --- [conectapro] [main] o.h.q.sqm.function.SqmFunctionRegistry   : Registered SqmFunctionTemplate [NamedSqmFunctionTemplate(atan2)] under atan2; prior registration was null
2025-04-12T00:10:40.358-03:00 DEBUG 29541 --- [conectapro] [HikariPool-1 connection adder] com.zaxxer.hikari.pool.HikariPool        : HikariPool-1 - After adding stats (total=6, active=0, idle=6, waiting=0)
2025-04-12T00:10:40.359-03:00 DEBUG 29541 --- [conectapro] [main] o.h.q.sqm.function.SqmFunctionRegistry   : Registered SqmFunctionTemplate [org.hibernate.query.sqm.function.PatternBasedSqmFunctionDescriptor@287317df] under sinh; prior registration was null
2025-04-12T00:10:40.359-03:00 DEBUG 29541 --- [conectapro] [main] o.h.q.sqm.function.SqmFunctionRegistry   : Registered SqmFunctionTemplate [org.hibernate.query.sqm.function.PatternBasedSqmFunctionDescriptor@1fcc3461] under cosh; prior registration was null
2025-04-12T00:10:40.359-03:00 DEBUG 29541 --- [conectapro] [main] o.h.q.sqm.function.SqmFunctionRegistry   : Registered SqmFunctionTemplate [org.hibernate.query.sqm.function.PatternBasedSqmFunctionDescriptor@1987807b] under tanh; prior registration was null
2025-04-12T00:10:40.359-03:00 DEBUG 29541 --- [conectapro] [main] o.h.q.sqm.function.SqmFunctionRegistry   : Registered SqmFunctionTemplate [org.hibernate.query.sqm.function.PatternBasedSqmFunctionDescriptor@71469e01] under pi; prior registration was null
2025-04-12T00:10:40.359-03:00 DEBUG 29541 --- [conectapro] [main] o.h.q.sqm.function.SqmFunctionRegistry   : Registered SqmFunctionTemplate [org.hibernate.query.sqm.function.PatternBasedSqmFunctionDescriptor@41bbb219] under log; prior registration was null
2025-04-12T00:10:40.359-03:00 DEBUG 29541 --- [conectapro] [main] o.h.q.sqm.function.SqmFunctionRegistry   : Registered SqmFunctionTemplate [NamedSqmFunctionTemplate(coalesce)] under coalesce; prior registration was null
2025-04-12T00:10:40.359-03:00 DEBUG 29541 --- [conectapro] [main] o.h.q.sqm.function.SqmFunctionRegistry   : Registered SqmFunctionTemplate [NamedSqmFunctionTemplate(nullif)] under nullif; prior registration was null
2025-04-12T00:10:40.359-03:00 DEBUG 29541 --- [conectapro] [main] o.h.q.sqm.function.SqmFunctionRegistry   : Registered SqmFunctionTemplate [NamedSqmFunctionTemplate(left)] under left; prior registration was null
2025-04-12T00:10:40.359-03:00 DEBUG 29541 --- [conectapro] [main] o.h.q.sqm.function.SqmFunctionRegistry   : Registered SqmFunctionTemplate [NamedSqmFunctionTemplate(right)] under right; prior registration was null
2025-04-12T00:10:40.359-03:00 DEBUG 29541 --- [conectapro] [main] o.h.q.sqm.function.SqmFunctionRegistry   : Registered SqmFunctionTemplate [NamedSqmFunctionTemplate(replace)] under replace; prior registration was null
2025-04-12T00:10:40.359-03:00 DEBUG 29541 --- [conectapro] [main] o.h.q.sqm.function.SqmFunctionRegistry   : Registered SqmFunctionTemplate [NamedSqmFunctionTemplate(concat)] under concat; prior registration was null
2025-04-12T00:10:40.360-03:00 DEBUG 29541 --- [conectapro] [main] o.h.q.sqm.function.SqmFunctionRegistry   : Registered SqmFunctionTemplate [NamedSqmFunctionTemplate(lower)] under lower; prior registration was null
2025-04-12T00:10:40.360-03:00 DEBUG 29541 --- [conectapro] [main] o.h.q.sqm.function.SqmFunctionRegistry   : Registered SqmFunctionTemplate [NamedSqmFunctionTemplate(upper)] under upper; prior registration was null
2025-04-12T00:10:40.360-03:00 DEBUG 29541 --- [conectapro] [main] o.h.q.sqm.function.SqmFunctionRegistry   : Registered SqmFunctionTemplate [NamedSqmFunctionTemplate(substring)] under substring; prior registration was null
2025-04-12T00:10:40.360-03:00 DEBUG 29541 --- [conectapro] [main] o.h.q.sqm.function.SqmFunctionRegistry   : Registered SqmFunctionTemplate [NamedSqmFunctionTemplate(locate)] under locate; prior registration was null
2025-04-12T00:10:40.360-03:00 DEBUG 29541 --- [conectapro] [main] o.h.q.sqm.function.SqmFunctionRegistry   : Registered SqmFunctionTemplate [NamedSqmFunctionTemplate(character_length)] under character_length; prior registration was null
2025-04-12T00:10:40.360-03:00 DEBUG 29541 --- [conectapro] [main] o.h.q.sqm.function.SqmFunctionRegistry   : Registering alternate key : length -> character_length
2025-04-12T00:10:40.360-03:00 DEBUG 29541 --- [conectapro] [main] o.h.q.sqm.function.SqmFunctionRegistry   : Registered SqmFunctionTemplate [org.hibernate.dialect.function.LocatePositionEmulation@65a2755e] under position; prior registration was null
2025-04-12T00:10:40.360-03:00 DEBUG 29541 --- [conectapro] [HikariPool-1 connection adder] com.zaxxer.hikari.pool.HikariPool        : HikariPool-1 - Added connection com.mysql.cj.jdbc.ConnectionImpl@7f89c11
2025-04-12T00:10:40.361-03:00 DEBUG 29541 --- [conectapro] [main] o.h.q.sqm.function.SqmFunctionRegistry   : Registered SqmFunctionTemplate [org.hibernate.dialect.function.InsertSubstringOverlayEmulation@1f293cb7] under overlay; prior registration was null
2025-04-12T00:10:40.362-03:00 DEBUG 29541 --- [conectapro] [main] o.h.q.sqm.function.SqmFunctionRegistry   : Registered SqmFunctionTemplate [org.hibernate.dialect.function.TrimFunction@645c9f0f] under trim; prior registration was null
2025-04-12T00:10:40.362-03:00 DEBUG 29541 --- [conectapro] [main] o.h.q.sqm.function.SqmFunctionRegistry   : Registered SqmFunctionTemplate [org.hibernate.dialect.function.CastFunction@28295554] under cast; prior registration was null
2025-04-12T00:10:40.362-03:00 DEBUG 29541 --- [conectapro] [main] o.h.q.sqm.function.SqmFunctionRegistry   : Registered SqmFunctionTemplate [org.hibernate.query.sqm.function.PatternBasedSqmFunctionDescriptor@4e671ef] under collate; prior registration was null
2025-04-12T00:10:40.363-03:00 DEBUG 29541 --- [conectapro] [main] o.h.q.sqm.function.SqmFunctionRegistry   : Registered SqmFunctionTemplate [org.hibernate.dialect.function.ExtractFunction@219edc05] under extract; prior registration was null
2025-04-12T00:10:40.363-03:00 DEBUG 29541 --- [conectapro] [main] o.h.q.sqm.function.SqmFunctionRegistry   : Registered SqmFunctionTemplate [NamedSqmFunctionTemplate(least)] under least; prior registration was null
2025-04-12T00:10:40.363-03:00 DEBUG 29541 --- [conectapro] [main] o.h.q.sqm.function.SqmFunctionRegistry   : Registered SqmFunctionTemplate [NamedSqmFunctionTemplate(greatest)] under greatest; prior registration was null
2025-04-12T00:10:40.363-03:00 DEBUG 29541 --- [conectapro] [main] o.h.q.sqm.function.SqmFunctionRegistry   : Registered SqmFunctionTemplate [org.hibernate.dialect.function.CoalesceIfnullEmulation@5c930fc3] under ifnull; prior registration was null
2025-04-12T00:10:40.363-03:00 DEBUG 29541 --- [conectapro] [main] o.h.q.sqm.function.SqmFunctionRegistry   : Registered SqmFunctionTemplate [NamedSqmFunctionTemplate(lpad)] under lpad; prior registration was null
2025-04-12T00:10:40.363-03:00 DEBUG 29541 --- [conectapro] [main] o.h.q.sqm.function.SqmFunctionRegistry   : Registered SqmFunctionTemplate [NamedSqmFunctionTemplate(rpad)] under rpad; prior registration was null
2025-04-12T00:10:40.364-03:00 DEBUG 29541 --- [conectapro] [main] o.h.q.sqm.function.SqmFunctionRegistry   : Registered SqmFunctionTemplate [org.hibernate.dialect.function.LpadRpadPadEmulation@60ee7a51] under pad; prior registration was null
2025-04-12T00:10:40.364-03:00 DEBUG 29541 --- [conectapro] [main] o.h.q.sqm.function.SqmFunctionRegistry   : Registered SqmFunctionTemplate [org.hibernate.dialect.function.CastStrEmulation@5b715ea] under str; prior registration was null
2025-04-12T00:10:40.365-03:00 DEBUG 29541 --- [conectapro] [main] o.h.q.sqm.function.SqmFunctionRegistry   : Registered SqmFunctionTemplate [org.hibernate.dialect.function.FormatFunction@3aeb267] under format; prior registration was null
2025-04-12T00:10:40.366-03:00 DEBUG 29541 --- [conectapro] [main] o.h.q.sqm.function.SqmFunctionRegistry   : Registered SqmFunctionTemplate [org.hibernate.dialect.function.TimestampaddFunction@146fa9c0] under timestampadd; prior registration was null
2025-04-12T00:10:40.366-03:00 DEBUG 29541 --- [conectapro] [main] o.h.q.sqm.function.SqmFunctionRegistry   : Registered SqmFunctionTemplate [org.hibernate.dialect.function.TimestampdiffFunction@552cb0d5] under timestampdiff; prior registration was null
2025-04-12T00:10:40.366-03:00 DEBUG 29541 --- [conectapro] [main] o.h.q.sqm.function.SqmFunctionRegistry   : Registering alternate key : dateadd -> timestampadd
2025-04-12T00:10:40.366-03:00 DEBUG 29541 --- [conectapro] [main] o.h.q.sqm.function.SqmFunctionRegistry   : Registering alternate key : datediff -> timestampdiff
2025-04-12T00:10:40.366-03:00 DEBUG 29541 --- [conectapro] [main] o.h.q.sqm.function.SqmFunctionRegistry   : Registered SqmFunctionTemplate [org.hibernate.dialect.function.CurrentFunction@7a47f0be] under current_date; prior registration was null
2025-04-12T00:10:40.366-03:00 DEBUG 29541 --- [conectapro] [main] o.h.q.sqm.function.SqmFunctionRegistry   : Registered SqmFunctionTemplate [org.hibernate.dialect.function.CurrentFunction@2d8087da] under current_time; prior registration was null
2025-04-12T00:10:40.366-03:00 DEBUG 29541 --- [conectapro] [main] o.h.q.sqm.function.SqmFunctionRegistry   : Registered SqmFunctionTemplate [org.hibernate.dialect.function.CurrentFunction@4f7ef948] under current_timestamp; prior registration was null
2025-04-12T00:10:40.366-03:00 DEBUG 29541 --- [conectapro] [main] o.h.q.sqm.function.SqmFunctionRegistry   : Registering alternate key : current date -> current_date
2025-04-12T00:10:40.366-03:00 DEBUG 29541 --- [conectapro] [main] o.h.q.sqm.function.SqmFunctionRegistry   : Registering alternate key : current time -> current_time
2025-04-12T00:10:40.366-03:00 DEBUG 29541 --- [conectapro] [main] o.h.q.sqm.function.SqmFunctionRegistry   : Registering alternate key : current timestamp -> current_timestamp
2025-04-12T00:10:40.366-03:00 DEBUG 29541 --- [conectapro] [main] o.h.q.sqm.function.SqmFunctionRegistry   : Registered SqmFunctionTemplate [org.hibernate.dialect.function.CurrentFunction@6fdaef04] under local_date; prior registration was null
2025-04-12T00:10:40.366-03:00 DEBUG 29541 --- [conectapro] [main] o.h.q.sqm.function.SqmFunctionRegistry   : Registered SqmFunctionTemplate [org.hibernate.dialect.function.CurrentFunction@2a5d2041] under local_time; prior registration was null
2025-04-12T00:10:40.366-03:00 DEBUG 29541 --- [conectapro] [main] o.h.q.sqm.function.SqmFunctionRegistry   : Registered SqmFunctionTemplate [org.hibernate.dialect.function.CurrentFunction@3cacc87] under local_datetime; prior registration was null
2025-04-12T00:10:40.367-03:00 DEBUG 29541 --- [conectapro] [main] o.h.q.sqm.function.SqmFunctionRegistry   : Registered SqmFunctionTemplate [org.hibernate.dialect.function.CurrentFunction@3bc6c10f] under offset_datetime; prior registration was null
2025-04-12T00:10:40.367-03:00 DEBUG 29541 --- [conectapro] [main] o.h.q.sqm.function.SqmFunctionRegistry   : Registering alternate key : local date -> local_date
2025-04-12T00:10:40.367-03:00 DEBUG 29541 --- [conectapro] [main] o.h.q.sqm.function.SqmFunctionRegistry   : Registering alternate key : local time -> local_time
2025-04-12T00:10:40.367-03:00 DEBUG 29541 --- [conectapro] [main] o.h.q.sqm.function.SqmFunctionRegistry   : Registering alternate key : local datetime -> local_datetime
2025-04-12T00:10:40.367-03:00 DEBUG 29541 --- [conectapro] [main] o.h.q.sqm.function.SqmFunctionRegistry   : Registering alternate key : offset datetime -> offset_datetime
2025-04-12T00:10:40.367-03:00 DEBUG 29541 --- [conectapro] [main] o.h.q.sqm.function.SqmFunctionRegistry   : Registered SqmFunctionTemplate [org.hibernate.dialect.function.CurrentFunction@3dcbbbc] under instant; prior registration was null
2025-04-12T00:10:40.367-03:00 DEBUG 29541 --- [conectapro] [main] o.h.q.sqm.function.SqmFunctionRegistry   : Registering alternate key : current_instant -> instant
2025-04-12T00:10:40.367-03:00 DEBUG 29541 --- [conectapro] [main] o.h.q.sqm.function.SqmFunctionRegistry   : Registered SqmFunctionTemplate [org.hibernate.dialect.function.SqlFunction@7e1fb22c] under sql; prior registration was null
2025-04-12T00:10:40.367-03:00 DEBUG 29541 --- [conectapro] [main] o.h.q.sqm.function.SqmFunctionRegistry   : Registered SqmFunctionTemplate [NamedSqmFunctionTemplate(soundex)] under soundex; prior registration was null
2025-04-12T00:10:40.367-03:00 DEBUG 29541 --- [conectapro] [main] o.h.q.sqm.function.SqmFunctionRegistry   : Registered SqmFunctionTemplate [NamedSqmFunctionTemplate(radians)] under radians; prior registration was null
2025-04-12T00:10:40.367-03:00 DEBUG 29541 --- [conectapro] [main] o.h.q.sqm.function.SqmFunctionRegistry   : Registered SqmFunctionTemplate [NamedSqmFunctionTemplate(degrees)] under degrees; prior registration was null
2025-04-12T00:10:40.367-03:00 DEBUG 29541 --- [conectapro] [main] o.h.q.sqm.function.SqmFunctionRegistry   : Registered SqmFunctionTemplate [NamedSqmFunctionTemplate(cot)] under cot; prior registration was null
2025-04-12T00:10:40.367-03:00 DEBUG 29541 --- [conectapro] [main] o.h.q.sqm.function.SqmFunctionRegistry   : Registered SqmFunctionTemplate [NamedSqmFunctionTemplate(log)] under log; prior registration was org.hibernate.query.sqm.function.PatternBasedSqmFunctionDescriptor@41bbb219
2025-04-12T00:10:40.367-03:00 DEBUG 29541 --- [conectapro] [main] o.h.q.sqm.function.SqmFunctionRegistry   : Registered SqmFunctionTemplate [NamedSqmFunctionTemplate(log2)] under log2; prior registration was null
2025-04-12T00:10:40.367-03:00 DEBUG 29541 --- [conectapro] [main] o.h.q.sqm.function.SqmFunctionRegistry   : Registered SqmFunctionTemplate [NamedSqmFunctionTemplate(log10)] under log10; prior registration was null
2025-04-12T00:10:40.367-03:00 DEBUG 29541 --- [conectapro] [main] o.h.q.sqm.function.SqmFunctionRegistry   : Registered SqmFunctionTemplate [NamedSqmFunctionTemplate(ltrim)] under ltrim; prior registration was null
2025-04-12T00:10:40.367-03:00 DEBUG 29541 --- [conectapro] [main] o.h.q.sqm.function.SqmFunctionRegistry   : Registered SqmFunctionTemplate [NamedSqmFunctionTemplate(rtrim)] under rtrim; prior registration was null
2025-04-12T00:10:40.367-03:00 DEBUG 29541 --- [conectapro] [main] o.h.q.sqm.function.SqmFunctionRegistry   : Registered SqmFunctionTemplate [NamedSqmFunctionTemplate(octet_length)] under octet_length; prior registration was null
2025-04-12T00:10:40.367-03:00 DEBUG 29541 --- [conectapro] [main] o.h.q.sqm.function.SqmFunctionRegistry   : Registered SqmFunctionTemplate [NamedSqmFunctionTemplate(reverse)] under reverse; prior registration was null
2025-04-12T00:10:40.367-03:00 DEBUG 29541 --- [conectapro] [main] o.h.q.sqm.function.SqmFunctionRegistry   : Registered SqmFunctionTemplate [NamedSqmFunctionTemplate(space)] under space; prior registration was null
2025-04-12T00:10:40.367-03:00 DEBUG 29541 --- [conectapro] [main] o.h.q.sqm.function.SqmFunctionRegistry   : Registered SqmFunctionTemplate [NamedSqmFunctionTemplate(repeat)] under repeat; prior registration was null
2025-04-12T00:10:40.368-03:00 DEBUG 29541 --- [conectapro] [main] o.h.q.sqm.function.SqmFunctionRegistry   : Registered SqmFunctionTemplate [org.hibernate.query.sqm.function.MultipatternSqmFunctionDescriptor@2d8c729f] under lpad; prior registration was NamedSqmFunctionTemplate(lpad)
2025-04-12T00:10:40.368-03:00 DEBUG 29541 --- [conectapro] [main] o.h.q.sqm.function.SqmFunctionRegistry   : Registered SqmFunctionTemplate [org.hibernate.query.sqm.function.MultipatternSqmFunctionDescriptor@740ee00f] under rpad; prior registration was NamedSqmFunctionTemplate(rpad)
2025-04-12T00:10:40.368-03:00 DEBUG 29541 --- [conectapro] [main] o.h.q.sqm.function.SqmFunctionRegistry   : Registered SqmFunctionTemplate [NamedSqmFunctionTemplate(md5)] under md5; prior registration was null
2025-04-12T00:10:40.368-03:00 DEBUG 29541 --- [conectapro] [main] o.h.q.sqm.function.SqmFunctionRegistry   : Registered SqmFunctionTemplate [NamedSqmFunctionTemplate(day)] under day; prior registration was null
2025-04-12T00:10:40.368-03:00 DEBUG 29541 --- [conectapro] [main] o.h.q.sqm.function.SqmFunctionRegistry   : Registered SqmFunctionTemplate [NamedSqmFunctionTemplate(month)] under month; prior registration was null
2025-04-12T00:10:40.368-03:00 DEBUG 29541 --- [conectapro] [main] o.h.q.sqm.function.SqmFunctionRegistry   : Registered SqmFunctionTemplate [NamedSqmFunctionTemplate(year)] under year; prior registration was null
2025-04-12T00:10:40.368-03:00 DEBUG 29541 --- [conectapro] [main] o.h.q.sqm.function.SqmFunctionRegistry   : Registered SqmFunctionTemplate [NamedSqmFunctionTemplate(hour)] under hour; prior registration was null
2025-04-12T00:10:40.368-03:00 DEBUG 29541 --- [conectapro] [main] o.h.q.sqm.function.SqmFunctionRegistry   : Registered SqmFunctionTemplate [NamedSqmFunctionTemplate(minute)] under minute; prior registration was null
2025-04-12T00:10:40.368-03:00 DEBUG 29541 --- [conectapro] [main] o.h.q.sqm.function.SqmFunctionRegistry   : Registered SqmFunctionTemplate [NamedSqmFunctionTemplate(second)] under second; prior registration was null
2025-04-12T00:10:40.368-03:00 DEBUG 29541 --- [conectapro] [main] o.h.q.sqm.function.SqmFunctionRegistry   : Registered SqmFunctionTemplate [NamedSqmFunctionTemplate(microsecond)] under microsecond; prior registration was null
2025-04-12T00:10:40.368-03:00 DEBUG 29541 --- [conectapro] [main] o.h.q.sqm.function.SqmFunctionRegistry   : Registered SqmFunctionTemplate [NamedSqmFunctionTemplate(dayofweek)] under dayofweek; prior registration was null
2025-04-12T00:10:40.368-03:00 DEBUG 29541 --- [conectapro] [main] o.h.q.sqm.function.SqmFunctionRegistry   : Registered SqmFunctionTemplate [NamedSqmFunctionTemplate(dayofmonth)] under dayofmonth; prior registration was null
2025-04-12T00:10:40.368-03:00 DEBUG 29541 --- [conectapro] [main] o.h.q.sqm.function.SqmFunctionRegistry   : Registering alternate key : day -> dayofmonth
2025-04-12T00:10:40.368-03:00 DEBUG 29541 --- [conectapro] [main] o.h.q.sqm.function.SqmFunctionRegistry   : Registered SqmFunctionTemplate [NamedSqmFunctionTemplate(dayofyear)] under dayofyear; prior registration was null
2025-04-12T00:10:40.368-03:00 DEBUG 29541 --- [conectapro] [main] o.h.q.sqm.function.SqmFunctionRegistry   : Registered SqmFunctionTemplate [NamedSqmFunctionTemplate(week)] under week; prior registration was null
2025-04-12T00:10:40.368-03:00 DEBUG 29541 --- [conectapro] [main] o.h.q.sqm.function.SqmFunctionRegistry   : Registered SqmFunctionTemplate [NamedSqmFunctionTemplate(quarter)] under quarter; prior registration was null
2025-04-12T00:10:40.368-03:00 DEBUG 29541 --- [conectapro] [main] o.h.q.sqm.function.SqmFunctionRegistry   : Registered SqmFunctionTemplate [NamedSqmFunctionTemplate(monthname)] under monthname; prior registration was null
2025-04-12T00:10:40.368-03:00 DEBUG 29541 --- [conectapro] [main] o.h.q.sqm.function.SqmFunctionRegistry   : Registered SqmFunctionTemplate [NamedSqmFunctionTemplate(dayname)] under dayname; prior registration was null
2025-04-12T00:10:40.368-03:00 DEBUG 29541 --- [conectapro] [main] o.h.q.sqm.function.SqmFunctionRegistry   : Registered SqmFunctionTemplate [NamedSqmFunctionTemplate(last_day)] under last_day; prior registration was null
2025-04-12T00:10:40.368-03:00 DEBUG 29541 --- [conectapro] [main] o.h.q.sqm.function.SqmFunctionRegistry   : Registered SqmFunctionTemplate [NamedSqmFunctionTemplate(date)] under date; prior registration was null
2025-04-12T00:10:40.368-03:00 DEBUG 29541 --- [conectapro] [main] o.h.q.sqm.function.SqmFunctionRegistry   : Registered SqmFunctionTemplate [NamedSqmFunctionTemplate(timestamp)] under timestamp; prior registration was null
2025-04-12T00:10:40.368-03:00 DEBUG 29541 --- [conectapro] [main] o.h.q.sqm.function.SqmFunctionRegistry   : Registered SqmFunctionTemplate [NamedSqmFunctionTemplate(time)] under time; prior registration was null
2025-04-12T00:10:40.368-03:00 DEBUG 29541 --- [conectapro] [main] o.h.q.sqm.function.SqmFunctionRegistry   : Registered SqmFunctionTemplate [NamedSqmFunctionTemplate(utc_date)] under utc_date; prior registration was null
2025-04-12T00:10:40.368-03:00 DEBUG 29541 --- [conectapro] [main] o.h.q.sqm.function.SqmFunctionRegistry   : Registered SqmFunctionTemplate [NamedSqmFunctionTemplate(utc_time)] under utc_time; prior registration was null
2025-04-12T00:10:40.368-03:00 DEBUG 29541 --- [conectapro] [main] o.h.q.sqm.function.SqmFunctionRegistry   : Registered SqmFunctionTemplate [NamedSqmFunctionTemplate(utc_timestamp)] under utc_timestamp; prior registration was null
2025-04-12T00:10:40.368-03:00 DEBUG 29541 --- [conectapro] [main] o.h.q.sqm.function.SqmFunctionRegistry   : Registered SqmFunctionTemplate [NamedSqmFunctionTemplate(rand)] under rand; prior registration was null
2025-04-12T00:10:40.368-03:00 DEBUG 29541 --- [conectapro] [main] o.h.q.sqm.function.SqmFunctionRegistry   : Registered SqmFunctionTemplate [NamedSqmFunctionTemplate(crc32)] under crc32; prior registration was null
2025-04-12T00:10:40.368-03:00 DEBUG 29541 --- [conectapro] [main] o.h.q.sqm.function.SqmFunctionRegistry   : Registered SqmFunctionTemplate [NamedSqmFunctionTemplate(sha1)] under sha1; prior registration was null
2025-04-12T00:10:40.368-03:00 DEBUG 29541 --- [conectapro] [main] o.h.q.sqm.function.SqmFunctionRegistry   : Registered SqmFunctionTemplate [NamedSqmFunctionTemplate(sha2)] under sha2; prior registration was null
2025-04-12T00:10:40.368-03:00 DEBUG 29541 --- [conectapro] [main] o.h.q.sqm.function.SqmFunctionRegistry   : Registered SqmFunctionTemplate [NamedSqmFunctionTemplate(sha)] under sha; prior registration was null
2025-04-12T00:10:40.368-03:00 DEBUG 29541 --- [conectapro] [main] o.h.q.sqm.function.SqmFunctionRegistry   : Registered SqmFunctionTemplate [NamedSqmFunctionTemplate(bit_length)] under bit_length; prior registration was null
2025-04-12T00:10:40.369-03:00 DEBUG 29541 --- [conectapro] [main] o.h.q.sqm.function.SqmFunctionRegistry   : Registered SqmFunctionTemplate [NamedSqmFunctionTemplate(octet_length)] under octet_length; prior registration was NamedSqmFunctionTemplate(octet_length)
2025-04-12T00:10:40.369-03:00 DEBUG 29541 --- [conectapro] [main] o.h.q.sqm.function.SqmFunctionRegistry   : Registered SqmFunctionTemplate [NamedSqmFunctionTemplate(ascii)] under ascii; prior registration was null
2025-04-12T00:10:40.369-03:00 DEBUG 29541 --- [conectapro] [main] o.h.q.sqm.function.SqmFunctionRegistry   : Registered SqmFunctionTemplate [NamedSqmFunctionTemplate(instr)] under instr; prior registration was null
2025-04-12T00:10:40.369-03:00 DEBUG 29541 --- [conectapro] [main] o.h.q.sqm.function.SqmFunctionRegistry   : Registered SqmFunctionTemplate [NamedSqmFunctionTemplate(substr)] under substr; prior registration was null
2025-04-12T00:10:40.369-03:00 DEBUG 29541 --- [conectapro] [main] o.h.q.sqm.function.SqmFunctionRegistry   : Registered SqmFunctionTemplate [org.hibernate.query.sqm.function.PatternBasedSqmFunctionDescriptor@430106cf] under position; prior registration was org.hibernate.dialect.function.LocatePositionEmulation@65a2755e
2025-04-12T00:10:40.369-03:00 DEBUG 29541 --- [conectapro] [main] o.h.q.sqm.function.SqmFunctionRegistry   : Registered SqmFunctionTemplate [NamedSqmFunctionTemplate(curtime)] under curtime; prior registration was null
2025-04-12T00:10:40.369-03:00 DEBUG 29541 --- [conectapro] [main] o.h.q.sqm.function.SqmFunctionRegistry   : Registered SqmFunctionTemplate [NamedSqmFunctionTemplate(curdate)] under curdate; prior registration was null
2025-04-12T00:10:40.369-03:00 DEBUG 29541 --- [conectapro] [main] o.h.q.sqm.function.SqmFunctionRegistry   : Registered SqmFunctionTemplate [NamedSqmFunctionTemplate(now)] under now; prior registration was null
2025-04-12T00:10:40.371-03:00 DEBUG 29541 --- [conectapro] [main] o.h.q.sqm.function.SqmFunctionRegistry   : Registered SqmFunctionTemplate [org.hibernate.dialect.function.TruncFunction@33f81280] under trunc; prior registration was null
2025-04-12T00:10:40.371-03:00 DEBUG 29541 --- [conectapro] [main] o.h.q.sqm.function.SqmFunctionRegistry   : Registering alternate key : truncate -> trunc
2025-04-12T00:10:40.371-03:00 DEBUG 29541 --- [conectapro] [main] o.h.q.sqm.function.SqmFunctionRegistry   : Registered SqmFunctionTemplate [NamedSqmFunctionTemplate(insert)] under insert; prior registration was null
2025-04-12T00:10:40.371-03:00 DEBUG 29541 --- [conectapro] [main] o.h.q.sqm.function.SqmFunctionRegistry   : Registered SqmFunctionTemplate [org.hibernate.query.sqm.function.PatternBasedSqmFunctionDescriptor@3991fe6d] under bitand; prior registration was null
2025-04-12T00:10:40.371-03:00 DEBUG 29541 --- [conectapro] [main] o.h.q.sqm.function.SqmFunctionRegistry   : Registered SqmFunctionTemplate [org.hibernate.query.sqm.function.PatternBasedSqmFunctionDescriptor@3a0e7f89] under bitor; prior registration was null
2025-04-12T00:10:40.371-03:00 DEBUG 29541 --- [conectapro] [main] o.h.q.sqm.function.SqmFunctionRegistry   : Registered SqmFunctionTemplate [org.hibernate.query.sqm.function.PatternBasedSqmFunctionDescriptor@665ed71a] under bitxor; prior registration was null
2025-04-12T00:10:40.371-03:00 DEBUG 29541 --- [conectapro] [main] o.h.q.sqm.function.SqmFunctionRegistry   : Registered SqmFunctionTemplate [org.hibernate.query.sqm.function.PatternBasedSqmFunctionDescriptor@15c1b543] under bitnot; prior registration was null
2025-04-12T00:10:40.371-03:00 DEBUG 29541 --- [conectapro] [main] o.h.q.sqm.function.SqmFunctionRegistry   : Registered SqmFunctionTemplate [NamedSqmFunctionTemplate(bit_and)] under bit_and; prior registration was null
2025-04-12T00:10:40.371-03:00 DEBUG 29541 --- [conectapro] [main] o.h.q.sqm.function.SqmFunctionRegistry   : Registered SqmFunctionTemplate [NamedSqmFunctionTemplate(bit_or)] under bit_or; prior registration was null
2025-04-12T00:10:40.371-03:00 DEBUG 29541 --- [conectapro] [main] o.h.q.sqm.function.SqmFunctionRegistry   : Registered SqmFunctionTemplate [NamedSqmFunctionTemplate(stddev)] under stddev; prior registration was null
2025-04-12T00:10:40.371-03:00 DEBUG 29541 --- [conectapro] [main] o.h.q.sqm.function.SqmFunctionRegistry   : Registered SqmFunctionTemplate [NamedSqmFunctionTemplate(stddev_pop)] under stddev_pop; prior registration was null
2025-04-12T00:10:40.371-03:00 DEBUG 29541 --- [conectapro] [main] o.h.q.sqm.function.SqmFunctionRegistry   : Registered SqmFunctionTemplate [NamedSqmFunctionTemplate(stddev_samp)] under stddev_samp; prior registration was null
2025-04-12T00:10:40.371-03:00 DEBUG 29541 --- [conectapro] [main] o.h.q.sqm.function.SqmFunctionRegistry   : Registered SqmFunctionTemplate [NamedSqmFunctionTemplate(variance)] under variance; prior registration was null
2025-04-12T00:10:40.371-03:00 DEBUG 29541 --- [conectapro] [main] o.h.q.sqm.function.SqmFunctionRegistry   : Registered SqmFunctionTemplate [NamedSqmFunctionTemplate(var_pop)] under var_pop; prior registration was null
2025-04-12T00:10:40.371-03:00 DEBUG 29541 --- [conectapro] [main] o.h.q.sqm.function.SqmFunctionRegistry   : Registered SqmFunctionTemplate [NamedSqmFunctionTemplate(var_samp)] under var_samp; prior registration was null
2025-04-12T00:10:40.371-03:00 DEBUG 29541 --- [conectapro] [main] o.h.q.sqm.function.SqmFunctionRegistry   : Registered SqmFunctionTemplate [NamedSqmFunctionTemplate(datediff)] under datediff; prior registration was null
2025-04-12T00:10:40.371-03:00 DEBUG 29541 --- [conectapro] [main] o.h.q.sqm.function.SqmFunctionRegistry   : Registered SqmFunctionTemplate [NamedSqmFunctionTemplate(adddate)] under adddate; prior registration was null
2025-04-12T00:10:40.371-03:00 DEBUG 29541 --- [conectapro] [main] o.h.q.sqm.function.SqmFunctionRegistry   : Registered SqmFunctionTemplate [NamedSqmFunctionTemplate(subdate)] under subdate; prior registration was null
2025-04-12T00:10:40.371-03:00 DEBUG 29541 --- [conectapro] [main] o.h.q.sqm.function.SqmFunctionRegistry   : Registered SqmFunctionTemplate [NamedSqmFunctionTemplate(addtime)] under addtime; prior registration was null
2025-04-12T00:10:40.371-03:00 DEBUG 29541 --- [conectapro] [main] o.h.q.sqm.function.SqmFunctionRegistry   : Registered SqmFunctionTemplate [NamedSqmFunctionTemplate(subtime)] under subtime; prior registration was null
2025-04-12T00:10:40.371-03:00 DEBUG 29541 --- [conectapro] [main] o.h.q.sqm.function.SqmFunctionRegistry   : Registered SqmFunctionTemplate [org.hibernate.dialect.function.FormatFunction@23954300] under format; prior registration was org.hibernate.dialect.function.FormatFunction@3aeb267
2025-04-12T00:10:40.372-03:00 DEBUG 29541 --- [conectapro] [main] o.h.q.sqm.function.SqmFunctionRegistry   : Registered SqmFunctionTemplate [NamedSqmFunctionTemplate(makedate)] under makedate; prior registration was null
2025-04-12T00:10:40.372-03:00 DEBUG 29541 --- [conectapro] [main] o.h.q.sqm.function.SqmFunctionRegistry   : Registered SqmFunctionTemplate [NamedSqmFunctionTemplate(maketime)] under maketime; prior registration was null
2025-04-12T00:10:40.372-03:00 DEBUG 29541 --- [conectapro] [main] o.h.q.sqm.function.SqmFunctionRegistry   : Registered SqmFunctionTemplate [NamedSqmFunctionTemplate(localtime)] under localtime; prior registration was null
2025-04-12T00:10:40.372-03:00 DEBUG 29541 --- [conectapro] [main] o.h.q.sqm.function.SqmFunctionRegistry   : Registered SqmFunctionTemplate [NamedSqmFunctionTemplate(localtimestamp)] under localtimestamp; prior registration was null
2025-04-12T00:10:40.372-03:00 DEBUG 29541 --- [conectapro] [main] o.h.q.sqm.function.SqmFunctionRegistry   : Registered SqmFunctionTemplate [NamedSqmFunctionTemplate(localtime)] under local_time; prior registration was org.hibernate.dialect.function.CurrentFunction@2a5d2041
2025-04-12T00:10:40.372-03:00 DEBUG 29541 --- [conectapro] [main] o.h.q.sqm.function.SqmFunctionRegistry   : Registered SqmFunctionTemplate [NamedSqmFunctionTemplate(localtimestamp)] under local_datetime; prior registration was org.hibernate.dialect.function.CurrentFunction@3cacc87
2025-04-12T00:10:40.372-03:00 DEBUG 29541 --- [conectapro] [main] o.h.q.sqm.function.SqmFunctionRegistry   : Registered SqmFunctionTemplate [NamedSqmFunctionTemplate(localtime)] under localtime; prior registration was NamedSqmFunctionTemplate(localtime)
2025-04-12T00:10:40.372-03:00 DEBUG 29541 --- [conectapro] [main] o.h.q.sqm.function.SqmFunctionRegistry   : Registered SqmFunctionTemplate [org.hibernate.query.sqm.function.PatternBasedSqmFunctionDescriptor@6aae82cc] under pi; prior registration was org.hibernate.query.sqm.function.PatternBasedSqmFunctionDescriptor@71469e01
2025-04-12T00:10:40.372-03:00 DEBUG 29541 --- [conectapro] [main] o.h.q.sqm.function.SqmFunctionRegistry   : Registered SqmFunctionTemplate [org.hibernate.query.sqm.function.PatternBasedSqmFunctionDescriptor@7a587e84] under chr; prior registration was null
2025-04-12T00:10:40.372-03:00 DEBUG 29541 --- [conectapro] [main] o.h.q.sqm.function.SqmFunctionRegistry   : Registering alternate key : char -> chr
2025-04-12T00:10:40.372-03:00 DEBUG 29541 --- [conectapro] [main] o.h.q.sqm.function.SqmFunctionRegistry   : Registered SqmFunctionTemplate [org.hibernate.query.sqm.function.PatternBasedSqmFunctionDescriptor@622ba721] under sysdate; prior registration was null
2025-04-12T00:10:40.372-03:00 DEBUG 29541 --- [conectapro] [main] o.h.q.sqm.function.SqmFunctionRegistry   : Registered SqmFunctionTemplate [org.hibernate.dialect.function.ListaggGroupConcatEmulation@73316a0a] under listagg; prior registration was null
2025-04-12T00:10:40.373-03:00 DEBUG 29541 --- [conectapro] [main] org.hibernate.HQL_FUNCTIONS              : abs(NUMERIC arg)
2025-04-12T00:10:40.373-03:00 DEBUG 29541 --- [conectapro] [main] org.hibernate.HQL_FUNCTIONS              : Double acos(NUMERIC arg)
2025-04-12T00:10:40.373-03:00 DEBUG 29541 --- [conectapro] [main] org.hibernate.HQL_FUNCTIONS              : adddate(DATE datetime, INTEGER days)
2025-04-12T00:10:40.373-03:00 DEBUG 29541 --- [conectapro] [main] org.hibernate.HQL_FUNCTIONS              : addtime(TIME datetime, TIME time)
2025-04-12T00:10:40.373-03:00 DEBUG 29541 --- [conectapro] [main] org.hibernate.HQL_FUNCTIONS              : Boolean any(BOOLEAN arg)
2025-04-12T00:10:40.373-03:00 DEBUG 29541 --- [conectapro] [main] org.hibernate.HQL_FUNCTIONS              : Integer ascii(STRING arg)
2025-04-12T00:10:40.373-03:00 DEBUG 29541 --- [conectapro] [main] org.hibernate.HQL_FUNCTIONS              : Double asin(NUMERIC arg)
2025-04-12T00:10:40.373-03:00 DEBUG 29541 --- [conectapro] [main] org.hibernate.HQL_FUNCTIONS              : Double atan(NUMERIC arg)
2025-04-12T00:10:40.373-03:00 DEBUG 29541 --- [conectapro] [main] org.hibernate.HQL_FUNCTIONS              : Double atan2(NUMERIC arg0, NUMERIC arg1)
2025-04-12T00:10:40.373-03:00 DEBUG 29541 --- [conectapro] [main] org.hibernate.HQL_FUNCTIONS              : avg(arg)
2025-04-12T00:10:40.373-03:00 DEBUG 29541 --- [conectapro] [main] org.hibernate.HQL_FUNCTIONS              : bit_and(arg)
2025-04-12T00:10:40.373-03:00 DEBUG 29541 --- [conectapro] [main] org.hibernate.HQL_FUNCTIONS              : Integer bit_length(STRING_OR_CLOB arg)
2025-04-12T00:10:40.373-03:00 DEBUG 29541 --- [conectapro] [main] org.hibernate.HQL_FUNCTIONS              : bit_or(arg)
2025-04-12T00:10:40.373-03:00 DEBUG 29541 --- [conectapro] [main] org.hibernate.HQL_FUNCTIONS              : bitand(arg0, arg1)
2025-04-12T00:10:40.373-03:00 DEBUG 29541 --- [conectapro] [main] org.hibernate.HQL_FUNCTIONS              : bitnot(arg)
2025-04-12T00:10:40.373-03:00 DEBUG 29541 --- [conectapro] [main] org.hibernate.HQL_FUNCTIONS              : bitor(arg0, arg1)
2025-04-12T00:10:40.373-03:00 DEBUG 29541 --- [conectapro] [main] org.hibernate.HQL_FUNCTIONS              : bitxor(arg0, arg1)
2025-04-12T00:10:40.373-03:00 DEBUG 29541 --- [conectapro] [main] org.hibernate.HQL_FUNCTIONS              : cast(arg as Type)
2025-04-12T00:10:40.373-03:00 DEBUG 29541 --- [conectapro] [main] org.hibernate.HQL_FUNCTIONS              : ceiling(NUMERIC arg)
2025-04-12T00:10:40.373-03:00 DEBUG 29541 --- [conectapro] [main] org.hibernate.HQL_FUNCTIONS              : Character char(INTEGER arg)
2025-04-12T00:10:40.373-03:00 DEBUG 29541 --- [conectapro] [main] org.hibernate.HQL_FUNCTIONS              : Integer character_length(STRING_OR_CLOB arg)
2025-04-12T00:10:40.373-03:00 DEBUG 29541 --- [conectapro] [main] org.hibernate.HQL_FUNCTIONS              : Character chr(INTEGER arg)
2025-04-12T00:10:40.373-03:00 DEBUG 29541 --- [conectapro] [main] org.hibernate.HQL_FUNCTIONS              : coalesce(arg0[, arg1[, ...]])
2025-04-12T00:10:40.373-03:00 DEBUG 29541 --- [conectapro] [main] org.hibernate.HQL_FUNCTIONS              : String collate(STRING string as COLLATION collation)
2025-04-12T00:10:40.373-03:00 DEBUG 29541 --- [conectapro] [main] org.hibernate.HQL_FUNCTIONS              : String concat(STRING string0[, STRING string1[, ...]])
2025-04-12T00:10:40.373-03:00 DEBUG 29541 --- [conectapro] [main] org.hibernate.HQL_FUNCTIONS              : Double cos(NUMERIC arg)
2025-04-12T00:10:40.373-03:00 DEBUG 29541 --- [conectapro] [main] org.hibernate.HQL_FUNCTIONS              : Double cosh(NUMERIC arg)
2025-04-12T00:10:40.373-03:00 DEBUG 29541 --- [conectapro] [main] org.hibernate.HQL_FUNCTIONS              : Double cot(NUMERIC arg)
2025-04-12T00:10:40.373-03:00 DEBUG 29541 --- [conectapro] [main] org.hibernate.HQL_FUNCTIONS              : Long count([distinct ]{arg|*})
2025-04-12T00:10:40.373-03:00 DEBUG 29541 --- [conectapro] [main] org.hibernate.HQL_FUNCTIONS              : Integer crc32(arg)
2025-04-12T00:10:40.373-03:00 DEBUG 29541 --- [conectapro] [main] org.hibernate.HQL_FUNCTIONS              : Date curdate()
2025-04-12T00:10:40.373-03:00 DEBUG 29541 --- [conectapro] [main] org.hibernate.HQL_FUNCTIONS              : Date current date
2025-04-12T00:10:40.373-03:00 DEBUG 29541 --- [conectapro] [main] org.hibernate.HQL_FUNCTIONS              : Time current time
2025-04-12T00:10:40.373-03:00 DEBUG 29541 --- [conectapro] [main] org.hibernate.HQL_FUNCTIONS              : Timestamp current timestamp
2025-04-12T00:10:40.374-03:00 DEBUG 29541 --- [conectapro] [main] org.hibernate.HQL_FUNCTIONS              : Date current_date
2025-04-12T00:10:40.374-03:00 DEBUG 29541 --- [conectapro] [main] org.hibernate.HQL_FUNCTIONS              : Instant current_instant
2025-04-12T00:10:40.374-03:00 DEBUG 29541 --- [conectapro] [main] org.hibernate.HQL_FUNCTIONS              : Time current_time
2025-04-12T00:10:40.374-03:00 DEBUG 29541 --- [conectapro] [main] org.hibernate.HQL_FUNCTIONS              : Timestamp current_timestamp
2025-04-12T00:10:40.374-03:00 DEBUG 29541 --- [conectapro] [main] org.hibernate.HQL_FUNCTIONS              : Time curtime()
2025-04-12T00:10:40.374-03:00 DEBUG 29541 --- [conectapro] [main] org.hibernate.HQL_FUNCTIONS              : Date date(arg)
2025-04-12T00:10:40.374-03:00 DEBUG 29541 --- [conectapro] [main] org.hibernate.HQL_FUNCTIONS              : dateadd(TEMPORAL_UNIT field, INTEGER magnitude, TEMPORAL datetime)
2025-04-12T00:10:40.374-03:00 DEBUG 29541 --- [conectapro] [main] org.hibernate.HQL_FUNCTIONS              : Integer datediff(DATE end, DATE start)
2025-04-12T00:10:40.374-03:00 DEBUG 29541 --- [conectapro] [main] org.hibernate.HQL_FUNCTIONS              : Integer day(DATE arg)
2025-04-12T00:10:40.374-03:00 DEBUG 29541 --- [conectapro] [main] org.hibernate.HQL_FUNCTIONS              : String dayname(DATE arg)
2025-04-12T00:10:40.374-03:00 DEBUG 29541 --- [conectapro] [main] org.hibernate.HQL_FUNCTIONS              : Integer dayofmonth(DATE arg)
2025-04-12T00:10:40.374-03:00 DEBUG 29541 --- [conectapro] [main] org.hibernate.HQL_FUNCTIONS              : Integer dayofweek(DATE arg)
2025-04-12T00:10:40.374-03:00 DEBUG 29541 --- [conectapro] [main] org.hibernate.HQL_FUNCTIONS              : Integer dayofyear(DATE arg)
2025-04-12T00:10:40.374-03:00 DEBUG 29541 --- [conectapro] [main] org.hibernate.HQL_FUNCTIONS              : Double degrees(NUMERIC arg)
2025-04-12T00:10:40.374-03:00 DEBUG 29541 --- [conectapro] [main] org.hibernate.HQL_FUNCTIONS              : Boolean every(BOOLEAN arg)
2025-04-12T00:10:40.374-03:00 DEBUG 29541 --- [conectapro] [main] org.hibernate.HQL_FUNCTIONS              : Double exp(NUMERIC arg)
2025-04-12T00:10:40.374-03:00 DEBUG 29541 --- [conectapro] [main] org.hibernate.HQL_FUNCTIONS              : extract(TEMPORAL_UNIT field from TEMPORAL arg)
2025-04-12T00:10:40.374-03:00 DEBUG 29541 --- [conectapro] [main] org.hibernate.HQL_FUNCTIONS              : floor(NUMERIC arg)
2025-04-12T00:10:40.374-03:00 DEBUG 29541 --- [conectapro] [main] org.hibernate.HQL_FUNCTIONS              : String format(TEMPORAL datetime as STRING pattern)
2025-04-12T00:10:40.374-03:00 DEBUG 29541 --- [conectapro] [main] org.hibernate.HQL_FUNCTIONS              : greatest(COMPARABLE arg0, COMPARABLE arg1[, arg2[, ...]])
2025-04-12T00:10:40.374-03:00 DEBUG 29541 --- [conectapro] [main] org.hibernate.HQL_FUNCTIONS              : Integer hour(TIME arg)
2025-04-12T00:10:40.376-03:00 DEBUG 29541 --- [conectapro] [main] org.hibernate.HQL_FUNCTIONS              : ifnull(arg0, arg1)
2025-04-12T00:10:40.376-03:00 DEBUG 29541 --- [conectapro] [main] org.hibernate.HQL_FUNCTIONS              : String insert(STRING string, INTEGER start, INTEGER length, STRING replacement)
2025-04-12T00:10:40.376-03:00 DEBUG 29541 --- [conectapro] [main] org.hibernate.HQL_FUNCTIONS              : Instant instant
2025-04-12T00:10:40.376-03:00 DEBUG 29541 --- [conectapro] [main] org.hibernate.HQL_FUNCTIONS              : Integer instr(STRING string, STRING pattern[, INTEGER start[, INTEGER occurrence]])
2025-04-12T00:10:40.376-03:00 DEBUG 29541 --- [conectapro] [main] org.hibernate.HQL_FUNCTIONS              : Date last_day(DATE arg)
2025-04-12T00:10:40.376-03:00 DEBUG 29541 --- [conectapro] [main] org.hibernate.HQL_FUNCTIONS              : least(COMPARABLE arg0, COMPARABLE arg1[, arg2[, ...]])
2025-04-12T00:10:40.376-03:00 DEBUG 29541 --- [conectapro] [main] org.hibernate.HQL_FUNCTIONS              : String left(STRING string, INTEGER length)
2025-04-12T00:10:40.376-03:00 DEBUG 29541 --- [conectapro] [main] org.hibernate.HQL_FUNCTIONS              : Integer length(STRING_OR_CLOB arg)
2025-04-12T00:10:40.376-03:00 DEBUG 29541 --- [conectapro] [main] org.hibernate.HQL_FUNCTIONS              : String listagg(STRING arg0, STRING arg1)
2025-04-12T00:10:40.376-03:00 DEBUG 29541 --- [conectapro] [main] org.hibernate.HQL_FUNCTIONS              : Double ln(NUMERIC arg)
2025-04-12T00:10:40.376-03:00 DEBUG 29541 --- [conectapro] [main] org.hibernate.HQL_FUNCTIONS              : LocalDate local date
2025-04-12T00:10:40.376-03:00 DEBUG 29541 --- [conectapro] [main] org.hibernate.HQL_FUNCTIONS              : LocalDateTime local datetime
2025-04-12T00:10:40.376-03:00 DEBUG 29541 --- [conectapro] [main] org.hibernate.HQL_FUNCTIONS              : LocalTime local time
2025-04-12T00:10:40.376-03:00 DEBUG 29541 --- [conectapro] [main] org.hibernate.HQL_FUNCTIONS              : LocalDate local_date
2025-04-12T00:10:40.376-03:00 DEBUG 29541 --- [conectapro] [main] org.hibernate.HQL_FUNCTIONS              : LocalDateTime local_datetime
2025-04-12T00:10:40.376-03:00 DEBUG 29541 --- [conectapro] [main] org.hibernate.HQL_FUNCTIONS              : LocalTime local_time
2025-04-12T00:10:40.376-03:00 DEBUG 29541 --- [conectapro] [main] org.hibernate.HQL_FUNCTIONS              : Timestamp localtime
2025-04-12T00:10:40.376-03:00 DEBUG 29541 --- [conectapro] [main] org.hibernate.HQL_FUNCTIONS              : Timestamp localtimestamp
2025-04-12T00:10:40.376-03:00 DEBUG 29541 --- [conectapro] [main] org.hibernate.HQL_FUNCTIONS              : Integer locate(STRING pattern, STRING string[, INTEGER start])
2025-04-12T00:10:40.376-03:00 DEBUG 29541 --- [conectapro] [main] org.hibernate.HQL_FUNCTIONS              : Double log(NUMERIC arg0[, NUMERIC arg1])
2025-04-12T00:10:40.376-03:00 DEBUG 29541 --- [conectapro] [main] org.hibernate.HQL_FUNCTIONS              : Double log10(NUMERIC arg)
2025-04-12T00:10:40.376-03:00 DEBUG 29541 --- [conectapro] [main] org.hibernate.HQL_FUNCTIONS              : Double log2(NUMERIC arg)
2025-04-12T00:10:40.376-03:00 DEBUG 29541 --- [conectapro] [main] org.hibernate.HQL_FUNCTIONS              : String lower(STRING string)
2025-04-12T00:10:40.376-03:00 DEBUG 29541 --- [conectapro] [main] org.hibernate.HQL_FUNCTIONS              : String lpad(string, length[, padding])
2025-04-12T00:10:40.376-03:00 DEBUG 29541 --- [conectapro] [main] org.hibernate.HQL_FUNCTIONS              : String ltrim(STRING string[, STRING characters])
2025-04-12T00:10:40.376-03:00 DEBUG 29541 --- [conectapro] [main] org.hibernate.HQL_FUNCTIONS              : Date makedate(INTEGER year, INTEGER dayofyear)
2025-04-12T00:10:40.376-03:00 DEBUG 29541 --- [conectapro] [main] org.hibernate.HQL_FUNCTIONS              : Time maketime(INTEGER hour, INTEGER min, INTEGER sec)
2025-04-12T00:10:40.376-03:00 DEBUG 29541 --- [conectapro] [main] org.hibernate.HQL_FUNCTIONS              : max(COMPARABLE arg)
2025-04-12T00:10:40.377-03:00 DEBUG 29541 --- [conectapro] [main] org.hibernate.HQL_FUNCTIONS              : String md5(arg)
2025-04-12T00:10:40.377-03:00 DEBUG 29541 --- [conectapro] [main] org.hibernate.HQL_FUNCTIONS              : Integer microsecond(TIME arg)
2025-04-12T00:10:40.377-03:00 DEBUG 29541 --- [conectapro] [main] org.hibernate.HQL_FUNCTIONS              : min(COMPARABLE arg)
2025-04-12T00:10:40.377-03:00 DEBUG 29541 --- [conectapro] [main] org.hibernate.HQL_FUNCTIONS              : Integer minute(TIME arg)
2025-04-12T00:10:40.377-03:00 DEBUG 29541 --- [conectapro] [main] org.hibernate.HQL_FUNCTIONS              : Integer mod(INTEGER arg0, INTEGER arg1)
2025-04-12T00:10:40.377-03:00 DEBUG 29541 --- [conectapro] [main] org.hibernate.HQL_FUNCTIONS              : Integer month(DATE arg)
2025-04-12T00:10:40.377-03:00 DEBUG 29541 --- [conectapro] [main] org.hibernate.HQL_FUNCTIONS              : String monthname(DATE arg)
2025-04-12T00:10:40.377-03:00 DEBUG 29541 --- [conectapro] [main] org.hibernate.HQL_FUNCTIONS              : Timestamp now()
2025-04-12T00:10:40.377-03:00 DEBUG 29541 --- [conectapro] [main] org.hibernate.HQL_FUNCTIONS              : nullif(arg0, arg1)
2025-04-12T00:10:40.377-03:00 DEBUG 29541 --- [conectapro] [main] org.hibernate.HQL_FUNCTIONS              : Integer octet_length(STRING_OR_CLOB arg)
2025-04-12T00:10:40.377-03:00 DEBUG 29541 --- [conectapro] [main] org.hibernate.HQL_FUNCTIONS              : OffsetDateTime offset datetime
2025-04-12T00:10:40.377-03:00 DEBUG 29541 --- [conectapro] [main] org.hibernate.HQL_FUNCTIONS              : OffsetDateTime offset_datetime
2025-04-12T00:10:40.377-03:00 DEBUG 29541 --- [conectapro] [main] org.hibernate.HQL_FUNCTIONS              : String overlay(STRING string placing STRING replacement from INTEGER start[ for INTEGER length])
2025-04-12T00:10:40.377-03:00 DEBUG 29541 --- [conectapro] [main] org.hibernate.HQL_FUNCTIONS              : String pad(STRING string with INTEGER length {leading|trailing}[ STRING character])
2025-04-12T00:10:40.377-03:00 DEBUG 29541 --- [conectapro] [main] org.hibernate.HQL_FUNCTIONS              : Double pi
2025-04-12T00:10:40.377-03:00 DEBUG 29541 --- [conectapro] [main] org.hibernate.HQL_FUNCTIONS              : Integer position(STRING pattern in STRING string)
2025-04-12T00:10:40.377-03:00 DEBUG 29541 --- [conectapro] [main] org.hibernate.HQL_FUNCTIONS              : Double power(NUMERIC arg0, NUMERIC arg1)
2025-04-12T00:10:40.377-03:00 DEBUG 29541 --- [conectapro] [main] org.hibernate.HQL_FUNCTIONS              : Integer quarter(DATE arg)
2025-04-12T00:10:40.377-03:00 DEBUG 29541 --- [conectapro] [main] org.hibernate.HQL_FUNCTIONS              : Double radians(NUMERIC arg)
2025-04-12T00:10:40.377-03:00 DEBUG 29541 --- [conectapro] [main] org.hibernate.HQL_FUNCTIONS              : Double rand([INTEGER seed])
2025-04-12T00:10:40.377-03:00 DEBUG 29541 --- [conectapro] [main] org.hibernate.HQL_FUNCTIONS              : String repeat(STRING string, INTEGER times)
2025-04-12T00:10:40.377-03:00 DEBUG 29541 --- [conectapro] [main] org.hibernate.HQL_FUNCTIONS              : String replace(STRING string, STRING pattern, STRING replacement)
2025-04-12T00:10:40.377-03:00 DEBUG 29541 --- [conectapro] [main] org.hibernate.HQL_FUNCTIONS              : String reverse(STRING arg)
2025-04-12T00:10:40.377-03:00 DEBUG 29541 --- [conectapro] [main] org.hibernate.HQL_FUNCTIONS              : String right(STRING string, INTEGER length)
2025-04-12T00:10:40.377-03:00 DEBUG 29541 --- [conectapro] [main] org.hibernate.HQL_FUNCTIONS              : round(NUMERIC number[, INTEGER places])
2025-04-12T00:10:40.377-03:00 DEBUG 29541 --- [conectapro] [main] org.hibernate.HQL_FUNCTIONS              : String rpad(string, length[, padding])
2025-04-12T00:10:40.377-03:00 DEBUG 29541 --- [conectapro] [main] org.hibernate.HQL_FUNCTIONS              : String rtrim(STRING string[, STRING characters])
2025-04-12T00:10:40.377-03:00 DEBUG 29541 --- [conectapro] [main] org.hibernate.HQL_FUNCTIONS              : Integer second(TIME arg)
2025-04-12T00:10:40.377-03:00 DEBUG 29541 --- [conectapro] [main] org.hibernate.HQL_FUNCTIONS              : String sha(arg)
2025-04-12T00:10:40.377-03:00 DEBUG 29541 --- [conectapro] [main] org.hibernate.HQL_FUNCTIONS              : String sha1(arg)
2025-04-12T00:10:40.377-03:00 DEBUG 29541 --- [conectapro] [main] org.hibernate.HQL_FUNCTIONS              : String sha2(arg0, arg1)
2025-04-12T00:10:40.377-03:00 DEBUG 29541 --- [conectapro] [main] org.hibernate.HQL_FUNCTIONS              : Integer sign(NUMERIC arg)
2025-04-12T00:10:40.377-03:00 DEBUG 29541 --- [conectapro] [main] org.hibernate.HQL_FUNCTIONS              : Double sin(NUMERIC arg)
2025-04-12T00:10:40.377-03:00 DEBUG 29541 --- [conectapro] [main] org.hibernate.HQL_FUNCTIONS              : Double sinh(NUMERIC arg)
2025-04-12T00:10:40.377-03:00 DEBUG 29541 --- [conectapro] [main] org.hibernate.HQL_FUNCTIONS              : String soundex(arg)
2025-04-12T00:10:40.377-03:00 DEBUG 29541 --- [conectapro] [main] org.hibernate.HQL_FUNCTIONS              : String space(INTEGER arg)
2025-04-12T00:10:40.377-03:00 DEBUG 29541 --- [conectapro] [main] org.hibernate.HQL_FUNCTIONS              : Object sql
2025-04-12T00:10:40.377-03:00 DEBUG 29541 --- [conectapro] [main] org.hibernate.HQL_FUNCTIONS              : Double sqrt(NUMERIC arg)
2025-04-12T00:10:40.377-03:00 DEBUG 29541 --- [conectapro] [main] org.hibernate.HQL_FUNCTIONS              : Double stddev(NUMERIC arg)
2025-04-12T00:10:40.377-03:00 DEBUG 29541 --- [conectapro] [main] org.hibernate.HQL_FUNCTIONS              : Double stddev_pop(NUMERIC arg)
2025-04-12T00:10:40.377-03:00 DEBUG 29541 --- [conectapro] [main] org.hibernate.HQL_FUNCTIONS              : Double stddev_samp(NUMERIC arg)
2025-04-12T00:10:40.377-03:00 DEBUG 29541 --- [conectapro] [main] org.hibernate.HQL_FUNCTIONS              : String str(arg)
2025-04-12T00:10:40.377-03:00 DEBUG 29541 --- [conectapro] [main] org.hibernate.HQL_FUNCTIONS              : subdate(DATE datetime, INTEGER days)
2025-04-12T00:10:40.377-03:00 DEBUG 29541 --- [conectapro] [main] org.hibernate.HQL_FUNCTIONS              : String substr(STRING string, INTEGER start[, INTEGER length])
2025-04-12T00:10:40.377-03:00 DEBUG 29541 --- [conectapro] [main] org.hibernate.HQL_FUNCTIONS              : String substring(STRING string{ from|,} INTEGER start[{ for|,} INTEGER length])
2025-04-12T00:10:40.377-03:00 DEBUG 29541 --- [conectapro] [main] org.hibernate.HQL_FUNCTIONS              : subtime(TIME datetime, TIME time)
2025-04-12T00:10:40.377-03:00 DEBUG 29541 --- [conectapro] [main] org.hibernate.HQL_FUNCTIONS              : sum(arg)
2025-04-12T00:10:40.377-03:00 DEBUG 29541 --- [conectapro] [main] org.hibernate.HQL_FUNCTIONS              : Timestamp sysdate()
2025-04-12T00:10:40.377-03:00 DEBUG 29541 --- [conectapro] [main] org.hibernate.HQL_FUNCTIONS              : Double tan(NUMERIC arg)
2025-04-12T00:10:40.377-03:00 DEBUG 29541 --- [conectapro] [main] org.hibernate.HQL_FUNCTIONS              : Double tanh(NUMERIC arg)
2025-04-12T00:10:40.377-03:00 DEBUG 29541 --- [conectapro] [main] org.hibernate.HQL_FUNCTIONS              : String time(arg)
2025-04-12T00:10:40.377-03:00 DEBUG 29541 --- [conectapro] [main] org.hibernate.HQL_FUNCTIONS              : Timestamp timestamp(arg0[, arg1])
2025-04-12T00:10:40.377-03:00 DEBUG 29541 --- [conectapro] [main] org.hibernate.HQL_FUNCTIONS              : timestampadd(TEMPORAL_UNIT field, INTEGER magnitude, TEMPORAL datetime)
2025-04-12T00:10:40.377-03:00 DEBUG 29541 --- [conectapro] [main] org.hibernate.HQL_FUNCTIONS              : Long|Double timestampdiff(TEMPORAL_UNIT field, TEMPORAL start, TEMPORAL end)
2025-04-12T00:10:40.377-03:00 DEBUG 29541 --- [conectapro] [main] org.hibernate.HQL_FUNCTIONS              : String trim([[{leading|trailing|both} ][STRING arg0 ]from] STRING arg1)
2025-04-12T00:10:40.377-03:00 DEBUG 29541 --- [conectapro] [main] org.hibernate.HQL_FUNCTIONS              : trunc( ... )
2025-04-12T00:10:40.377-03:00 DEBUG 29541 --- [conectapro] [main] org.hibernate.HQL_FUNCTIONS              : truncate( ... )
2025-04-12T00:10:40.377-03:00 DEBUG 29541 --- [conectapro] [main] org.hibernate.HQL_FUNCTIONS              : String upper(STRING string)
2025-04-12T00:10:40.378-03:00 DEBUG 29541 --- [conectapro] [main] org.hibernate.HQL_FUNCTIONS              : Date utc_date
2025-04-12T00:10:40.378-03:00 DEBUG 29541 --- [conectapro] [main] org.hibernate.HQL_FUNCTIONS              : Time utc_time
2025-04-12T00:10:40.378-03:00 DEBUG 29541 --- [conectapro] [main] org.hibernate.HQL_FUNCTIONS              : Timestamp utc_timestamp
2025-04-12T00:10:40.378-03:00 DEBUG 29541 --- [conectapro] [main] org.hibernate.HQL_FUNCTIONS              : Double var_pop(NUMERIC arg)
2025-04-12T00:10:40.378-03:00 DEBUG 29541 --- [conectapro] [main] org.hibernate.HQL_FUNCTIONS              : Double var_samp(NUMERIC arg)
2025-04-12T00:10:40.378-03:00 DEBUG 29541 --- [conectapro] [main] org.hibernate.HQL_FUNCTIONS              : Double variance(NUMERIC arg)
2025-04-12T00:10:40.378-03:00 DEBUG 29541 --- [conectapro] [main] org.hibernate.HQL_FUNCTIONS              : Integer week(DATE arg)
2025-04-12T00:10:40.378-03:00 DEBUG 29541 --- [conectapro] [main] org.hibernate.HQL_FUNCTIONS              : Integer year(DATE arg)
2025-04-12T00:10:40.381-03:00 DEBUG 29541 --- [conectapro] [main] org.hibernate.orm.query.plan.cache       : Starting QueryInterpretationCache(2048)
2025-04-12T00:10:40.390-03:00 DEBUG 29541 --- [conectapro] [HikariPool-1 connection adder] com.zaxxer.hikari.pool.HikariPool        : HikariPool-1 - After adding stats (total=7, active=0, idle=7, waiting=0)
2025-04-12T00:10:40.394-03:00 DEBUG 29541 --- [conectapro] [HikariPool-1 connection adder] com.zaxxer.hikari.pool.HikariPool        : HikariPool-1 - Added connection com.mysql.cj.jdbc.ConnectionImpl@34e43a99
2025-04-12T00:10:40.424-03:00 DEBUG 29541 --- [conectapro] [HikariPool-1 connection adder] com.zaxxer.hikari.pool.HikariPool        : HikariPool-1 - After adding stats (total=8, active=0, idle=8, waiting=0)
2025-04-12T00:10:40.427-03:00 DEBUG 29541 --- [conectapro] [HikariPool-1 connection adder] com.zaxxer.hikari.pool.HikariPool        : HikariPool-1 - Added connection com.mysql.cj.jdbc.ConnectionImpl@5744ce8c
2025-04-12T00:10:40.433-03:00 DEBUG 29541 --- [conectapro] [main] .h.s.i.SessionFactoryServiceRegistryImpl : EventListenerRegistry access via ServiceRegistry is deprecated.  Use `sessionFactory.getEventEngine().getListenerRegistry()` instead
2025-04-12T00:10:40.434-03:00 DEBUG 29541 --- [conectapro] [main] h.e.i.EntityCopyObserverFactoryInitiator : Configured EntityCopyObserver strategy: disallow
2025-04-12T00:10:40.444-03:00 DEBUG 29541 --- [conectapro] [RMI TCP Connection(2)-127.0.0.1] sun.rmi.transport.tcp                    : RMI TCP Connection(2)-127.0.0.1: (port 36697) op = 82
2025-04-12T00:10:40.445-03:00 DEBUG 29541 --- [conectapro] [RMI TCP Connection(2)-127.0.0.1] sun.rmi.transport.tcp                    : RMI TCP Connection(2)-127.0.0.1: (port 36697) op = 80
2025-04-12T00:10:40.445-03:00 DEBUG 29541 --- [conectapro] [RMI TCP Connection(2)-127.0.0.1] sun.rmi.loader                           : RMI TCP Connection(2)-127.0.0.1: name = "javax.management.ObjectName", codebase = ""
2025-04-12T00:10:40.445-03:00 DEBUG 29541 --- [conectapro] [RMI TCP Connection(2)-127.0.0.1] javax.management.remote.rmi              : connectionId=rmi://127.0.0.1  1, name=org.springframework.boot:type=Admin,name=SpringApplication, attribute=Ready
2025-04-12T00:10:40.445-03:00 DEBUG 29541 --- [conectapro] [RMI TCP Connection(2)-127.0.0.1] sun.rmi.server.call                      : RMI TCP Connection(2)-127.0.0.1: [127.0.0.1] exception: 

javax.management.InstanceNotFoundException: org.springframework.boot:type=Admin,name=SpringApplication
	at java.management/com.sun.jmx.interceptor.DefaultMBeanServerInterceptor.getMBean(DefaultMBeanServerInterceptor.java:1073) ~[na:na]
	at java.management/com.sun.jmx.interceptor.DefaultMBeanServerInterceptor.getAttribute(DefaultMBeanServerInterceptor.java:632) ~[na:na]
	at java.management/com.sun.jmx.mbeanserver.JmxMBeanServer.getAttribute(JmxMBeanServer.java:679) ~[na:na]
	at java.management.rmi/javax.management.remote.rmi.RMIConnectionImpl.doOperation(RMIConnectionImpl.java:1449) ~[na:na]
	at java.management.rmi/javax.management.remote.rmi.RMIConnectionImpl$PrivilegedOperation.run(RMIConnectionImpl.java:1310) ~[na:na]
	at java.management.rmi/javax.management.remote.rmi.RMIConnectionImpl.doPrivilegedOperation(RMIConnectionImpl.java:1405) ~[na:na]
	at java.management.rmi/javax.management.remote.rmi.RMIConnectionImpl.getAttribute(RMIConnectionImpl.java:639) ~[na:na]
	at java.base/jdk.internal.reflect.DirectMethodHandleAccessor.invoke(DirectMethodHandleAccessor.java:103) ~[na:na]
	at java.base/java.lang.reflect.Method.invoke(Method.java:580) ~[na:na]
	at java.rmi/sun.rmi.server.UnicastServerRef.dispatch(UnicastServerRef.java:360) ~[na:na]
	at java.rmi/sun.rmi.transport.Transport$1.run(Transport.java:200) ~[na:na]
	at java.rmi/sun.rmi.transport.Transport$1.run(Transport.java:197) ~[na:na]
	at java.base/java.security.AccessController.doPrivileged(AccessController.java:714) ~[na:na]
	at java.rmi/sun.rmi.transport.Transport.serviceCall(Transport.java:196) ~[na:na]
	at java.rmi/sun.rmi.transport.tcp.TCPTransport.handleMessages(TCPTransport.java:598) ~[na:na]
	at java.rmi/sun.rmi.transport.tcp.TCPTransport$ConnectionHandler.run0(TCPTransport.java:844) ~[na:na]
	at java.rmi/sun.rmi.transport.tcp.TCPTransport$ConnectionHandler.lambda$run$0(TCPTransport.java:721) ~[na:na]
	at java.base/java.security.AccessController.doPrivileged(AccessController.java:400) ~[na:na]
	at java.rmi/sun.rmi.transport.tcp.TCPTransport$ConnectionHandler.run(TCPTransport.java:720) ~[na:na]
	at java.base/java.util.concurrent.ThreadPoolExecutor.runWorker(ThreadPoolExecutor.java:1144) ~[na:na]
	at java.base/java.util.concurrent.ThreadPoolExecutor$Worker.run(ThreadPoolExecutor.java:642) ~[na:na]
	at java.base/java.lang.Thread.run(Thread.java:1583) ~[na:na]

2025-04-12T00:10:40.457-03:00 DEBUG 29541 --- [conectapro] [HikariPool-1 connection adder] com.zaxxer.hikari.pool.HikariPool        : HikariPool-1 - After adding stats (total=9, active=0, idle=9, waiting=0)
2025-04-12T00:10:40.460-03:00 DEBUG 29541 --- [conectapro] [HikariPool-1 connection adder] com.zaxxer.hikari.pool.HikariPool        : HikariPool-1 - Added connection com.mysql.cj.jdbc.ConnectionImpl@677a69e7
2025-04-12T00:10:40.484-03:00 DEBUG 29541 --- [conectapro] [main] o.h.boot.internal.ClassLoaderAccessImpl  : Not known whether passed class name [com.conectapro.conectapro.entity.UserEntity] is safe
2025-04-12T00:10:40.484-03:00 DEBUG 29541 --- [conectapro] [main] o.h.boot.internal.ClassLoaderAccessImpl  : No temp ClassLoader provided; using live ClassLoader for loading potentially unsafe class : com.conectapro.conectapro.entity.UserEntity
2025-04-12T00:10:40.490-03:00 DEBUG 29541 --- [conectapro] [HikariPool-1 connection adder] com.zaxxer.hikari.pool.HikariPool        : HikariPool-1 - After adding stats (total=10, active=0, idle=10, waiting=0)
2025-04-12T00:10:40.583-03:00 DEBUG 29541 --- [conectapro] [main] o.h.b.i.bytebuddy.BytecodeProviderImpl   : HHH000513: Unable to create the ReflectionOptimizer for [com.conectapro.conectapro.entity.UserEntity]: private accessor [password]
2025-04-12T00:10:40.611-03:00 DEBUG 29541 --- [conectapro] [main] o.hibernate.orm.model.mapping.creation   : Starting post-init callbacks
2025-04-12T00:10:40.611-03:00 DEBUG 29541 --- [conectapro] [main] o.hibernate.orm.model.mapping.creation   : Starting PostInitCallbackEntry : Entity(com.conectapro.conectapro.entity.UserEntity) `staticFetchableList` generator
2025-04-12T00:10:40.661-03:00 DEBUG 29541 --- [conectapro] [main] org.hibernate.orm.sql.ast.create         : Created new SQL alias : ue1_0
2025-04-12T00:10:40.663-03:00 DEBUG 29541 --- [conectapro] [main] org.hibernate.orm.sql.ast.create         : Registration of TableGroup [StandardTableGroup(com.conectapro.conectapro.entity.UserEntity)] with identifierForTableGroup [com.conectapro.conectapro.entity.UserEntity] for NavigablePath [com.conectapro.conectapro.entity.UserEntity] 
2025-04-12T00:10:40.672-03:00 DEBUG 29541 --- [conectapro] [main] org.hibernate.orm.results.graph.AST      : DomainResult Graph:
 \-EntityResultImpl [com.conectapro.conectapro.entity.UserEntity]
 |  \-BasicFetch [com.conectapro.conectapro.entity.UserEntity.password]

2025-04-12T00:10:40.674-03:00 DEBUG 29541 --- [conectapro] [main] org.hibernate.orm.sql.ast.tree           : SQL AST Tree:
    SelectStatement {
      FromClause {
        StandardTableGroup (ue1 : com.conectapro.conectapro.entity.UserEntity) {
          primaryTableReference : user as ue1_0
        }
      }
    }

2025-04-12T00:10:40.680-03:00 DEBUG 29541 --- [conectapro] [main] o.h.p.entity.AbstractEntityPersister     : Static SQL for entity: com.conectapro.conectapro.entity.UserEntity
2025-04-12T00:10:40.680-03:00 DEBUG 29541 --- [conectapro] [main] o.h.p.entity.AbstractEntityPersister     :  Version select: select login from user where login=?
2025-04-12T00:10:40.680-03:00 DEBUG 29541 --- [conectapro] [main] o.h.p.entity.AbstractEntityPersister     :  Insert (0): insert into user (password,login) values (?,?)
2025-04-12T00:10:40.680-03:00 DEBUG 29541 --- [conectapro] [main] o.h.p.entity.AbstractEntityPersister     :  Update (0): update user set password=? where login=?
2025-04-12T00:10:40.680-03:00 DEBUG 29541 --- [conectapro] [main] o.h.p.entity.AbstractEntityPersister     :  Delete (0): delete from user where login=?
2025-04-12T00:10:40.696-03:00  INFO 29541 --- [conectapro] [main] o.h.e.t.j.p.i.JtaPlatformInitiator       : HHH000489: No JTA platform available (set 'hibernate.transaction.jta.platform' to enable JTA platform integration)
2025-04-12T00:10:40.697-03:00 DEBUG 29541 --- [conectapro] [main] o.h.type.spi.TypeConfiguration$Scope     : Scoping TypeConfiguration [org.hibernate.type.spi.TypeConfiguration@2e0fdc83] to SessionFactoryImplementor [org.hibernate.internal.SessionFactoryImpl@77ad2767]
2025-04-12T00:10:40.697-03:00 DEBUG 29541 --- [conectapro] [main] o.h.query.named.NamedObjectRepository    : Checking 0 named HQL queries
2025-04-12T00:10:40.697-03:00 DEBUG 29541 --- [conectapro] [main] o.h.query.named.NamedObjectRepository    : Checking 0 named SQL queries
2025-04-12T00:10:40.741-03:00 DEBUG 29541 --- [conectapro] [main] org.hibernate.mapping.Table              : No alter strings for table : user
2025-04-12T00:10:40.742-03:00 DEBUG 29541 --- [conectapro] [main] o.h.internal.SessionFactoryRegistry      : Initializing SessionFactoryRegistry : org.hibernate.internal.SessionFactoryRegistry@7d7f966f
2025-04-12T00:10:40.742-03:00 DEBUG 29541 --- [conectapro] [main] o.h.internal.SessionFactoryRegistry      : Registering SessionFactory: ffeb2098-77fb-4767-920c-46dc3650bc25 (<unnamed>)
2025-04-12T00:10:40.742-03:00 DEBUG 29541 --- [conectapro] [main] o.h.internal.SessionFactoryRegistry      : Not binding SessionFactory to JNDI, no JNDI name configured
2025-04-12T00:10:40.742-03:00 DEBUG 29541 --- [conectapro] [main] o.hibernate.internal.SessionFactoryImpl  : Instantiated SessionFactory
2025-04-12T00:10:40.742-03:00  INFO 29541 --- [conectapro] [main] j.LocalContainerEntityManagerFactoryBean : Initialized JPA EntityManagerFactory for persistence unit 'default'
2025-04-12T00:10:40.745-03:00 DEBUG 29541 --- [conectapro] [main] o.s.b.f.s.DefaultListableBeanFactory     : Creating shared instance of singleton bean 'conectaproApplication'
2025-04-12T00:10:40.746-03:00 DEBUG 29541 --- [conectapro] [main] o.s.b.f.s.DefaultListableBeanFactory     : Creating shared instance of singleton bean 'passwordService'
2025-04-12T00:10:40.747-03:00 DEBUG 29541 --- [conectapro] [main] o.s.b.f.s.DefaultListableBeanFactory     : Creating shared instance of singleton bean 'loginController'
2025-04-12T00:10:40.750-03:00 DEBUG 29541 --- [conectapro] [main] o.s.b.f.s.DefaultListableBeanFactory     : Creating shared instance of singleton bean 'userService'
2025-04-12T00:10:40.750-03:00 DEBUG 29541 --- [conectapro] [main] o.s.b.f.s.DefaultListableBeanFactory     : Creating shared instance of singleton bean 'userRepository'
2025-04-12T00:10:40.756-03:00 DEBUG 29541 --- [conectapro] [main] o.s.b.f.s.DefaultListableBeanFactory     : Creating shared instance of singleton bean 'jpa.named-queries#0'
2025-04-12T00:10:40.758-03:00 DEBUG 29541 --- [conectapro] [main] o.s.b.f.s.DefaultListableBeanFactory     : Creating shared instance of singleton bean 'jpa.UserRepository.fragments#0'
2025-04-12T00:10:40.761-03:00 DEBUG 29541 --- [conectapro] [main] o.s.b.f.s.DefaultListableBeanFactory     : Creating shared instance of singleton bean 'jpaSharedEM_entityManagerFactory'
2025-04-12T00:10:40.784-03:00 DEBUG 29541 --- [conectapro] [main] o.s.b.f.s.DefaultListableBeanFactory     : Creating shared instance of singleton bean 'jpaMappingContext'
2025-04-12T00:10:40.784-03:00 DEBUG 29541 --- [conectapro] [main] .c.JpaMetamodelMappingContextFactoryBean : Initializing JpaMetamodelMappingContext…
2025-04-12T00:10:40.795-03:00 DEBUG 29541 --- [conectapro] [main] .c.JpaMetamodelMappingContextFactoryBean : Finished initializing JpaMetamodelMappingContext
2025-04-12T00:10:40.815-03:00 DEBUG 29541 --- [conectapro] [main] tor$SharedEntityManagerInvocationHandler : Creating new EntityManager for shared EntityManager invocation
2025-04-12T00:10:40.842-03:00 DEBUG 29541 --- [conectapro] [main] o.h.stat.internal.StatisticsInitiator    : Statistics initialized [enabled=false]
2025-04-12T00:10:40.848-03:00 DEBUG 29541 --- [conectapro] [main] tor$SharedEntityManagerInvocationHandler : Creating new EntityManager for shared EntityManager invocation
2025-04-12T00:10:40.878-03:00 DEBUG 29541 --- [conectapro] [main] o.s.d.r.c.s.RepositoryFactorySupport     : Initializing repository instance for com.conectapro.conectapro.repository.UserRepository…
2025-04-12T00:10:40.888-03:00 DEBUG 29541 --- [conectapro] [main] tor$SharedEntityManagerInvocationHandler : Creating new EntityManager for shared EntityManager invocation
2025-04-12T00:10:40.920-03:00 DEBUG 29541 --- [conectapro] [main] o.s.d.jpa.repository.query.NamedQuery    : Looking up named query 'UserEntity.findByLogin'
2025-04-12T00:10:40.922-03:00 DEBUG 29541 --- [conectapro] [main] cResourceLocalTransactionCoordinatorImpl : JDBC transaction marked for rollback-only (exception provided for stack trace)

java.lang.Exception: exception just for purpose of providing stack trace
	at org.hibernate.resource.transaction.backend.jdbc.internal.JdbcResourceLocalTransactionCoordinatorImpl$TransactionDriverControlImpl.markRollbackOnly(JdbcResourceLocalTransactionCoordinatorImpl.java:309) ~[hibernate-core-6.6.11.Final.jar:6.6.11.Final]
	at org.hibernate.internal.AbstractSharedSessionContract.buildNamedQuery(AbstractSharedSessionContract.java:1141) ~[hibernate-core-6.6.11.Final.jar:6.6.11.Final]
	at org.hibernate.internal.AbstractSharedSessionContract.createNamedQuery(AbstractSharedSessionContract.java:1019) ~[hibernate-core-6.6.11.Final.jar:6.6.11.Final]
	at org.hibernate.internal.AbstractSharedSessionContract.createNamedQuery(AbstractSharedSessionContract.java:143) ~[hibernate-core-6.6.11.Final.jar:6.6.11.Final]
	at java.base/jdk.internal.reflect.DirectMethodHandleAccessor.invoke(DirectMethodHandleAccessor.java:103) ~[na:na]
	at java.base/java.lang.reflect.Method.invoke(Method.java:580) ~[na:na]
	at org.springframework.orm.jpa.ExtendedEntityManagerCreator$ExtendedEntityManagerInvocationHandler.invoke(ExtendedEntityManagerCreator.java:364) ~[spring-orm-6.2.5.jar:6.2.5]
	at jdk.proxy2/jdk.proxy2.$Proxy107.createNamedQuery(Unknown Source) ~[na:na]
	at org.springframework.data.jpa.repository.query.NamedQuery.hasNamedQuery(NamedQuery.java:114) ~[spring-data-jpa-3.4.4.jar:3.4.4]
	at org.springframework.data.jpa.repository.query.NamedQuery.lookupFrom(NamedQuery.java:140) ~[spring-data-jpa-3.4.4.jar:3.4.4]
	at org.springframework.data.jpa.repository.query.JpaQueryLookupStrategy$DeclaredQueryLookupStrategy.resolveQuery(JpaQueryLookupStrategy.java:184) ~[spring-data-jpa-3.4.4.jar:3.4.4]
	at org.springframework.data.jpa.repository.query.JpaQueryLookupStrategy$CreateIfNotFoundQueryLookupStrategy.resolveQuery(JpaQueryLookupStrategy.java:256) ~[spring-data-jpa-3.4.4.jar:3.4.4]
	at org.springframework.data.jpa.repository.query.JpaQueryLookupStrategy$AbstractQueryLookupStrategy.resolveQuery(JpaQueryLookupStrategy.java:99) ~[spring-data-jpa-3.4.4.jar:3.4.4]
	at org.springframework.data.repository.core.support.QueryExecutorMethodInterceptor.lookupQuery(QueryExecutorMethodInterceptor.java:116) ~[spring-data-commons-3.4.4.jar:3.4.4]
	at org.springframework.data.repository.core.support.QueryExecutorMethodInterceptor.mapMethodsToQuery(QueryExecutorMethodInterceptor.java:104) ~[spring-data-commons-3.4.4.jar:3.4.4]
	at org.springframework.data.repository.core.support.QueryExecutorMethodInterceptor.lambda$new$0(QueryExecutorMethodInterceptor.java:92) ~[spring-data-commons-3.4.4.jar:3.4.4]
	at java.base/java.util.Optional.map(Optional.java:260) ~[na:na]
	at org.springframework.data.repository.core.support.QueryExecutorMethodInterceptor.<init>(QueryExecutorMethodInterceptor.java:92) ~[spring-data-commons-3.4.4.jar:3.4.4]
	at org.springframework.data.repository.core.support.RepositoryFactorySupport.getRepository(RepositoryFactorySupport.java:431) ~[spring-data-commons-3.4.4.jar:3.4.4]
	at org.springframework.data.repository.core.support.RepositoryFactoryBeanSupport.lambda$afterPropertiesSet$4(RepositoryFactoryBeanSupport.java:350) ~[spring-data-commons-3.4.4.jar:3.4.4]
	at org.springframework.data.util.Lazy.getNullable(Lazy.java:135) ~[spring-data-commons-3.4.4.jar:3.4.4]
	at org.springframework.data.util.Lazy.get(Lazy.java:113) ~[spring-data-commons-3.4.4.jar:3.4.4]
	at org.springframework.data.repository.core.support.RepositoryFactoryBeanSupport.afterPropertiesSet(RepositoryFactoryBeanSupport.java:356) ~[spring-data-commons-3.4.4.jar:3.4.4]
	at org.springframework.data.jpa.repository.support.JpaRepositoryFactoryBean.afterPropertiesSet(JpaRepositoryFactoryBean.java:132) ~[spring-data-jpa-3.4.4.jar:3.4.4]
	at org.springframework.beans.factory.support.AbstractAutowireCapableBeanFactory.invokeInitMethods(AbstractAutowireCapableBeanFactory.java:1859) ~[spring-beans-6.2.5.jar:6.2.5]
	at org.springframework.beans.factory.support.AbstractAutowireCapableBeanFactory.initializeBean(AbstractAutowireCapableBeanFactory.java:1808) ~[spring-beans-6.2.5.jar:6.2.5]
	at org.springframework.beans.factory.support.AbstractAutowireCapableBeanFactory.doCreateBean(AbstractAutowireCapableBeanFactory.java:601) ~[spring-beans-6.2.5.jar:6.2.5]
	at org.springframework.beans.factory.support.AbstractAutowireCapableBeanFactory.createBean(AbstractAutowireCapableBeanFactory.java:523) ~[spring-beans-6.2.5.jar:6.2.5]
	at org.springframework.beans.factory.support.AbstractBeanFactory.lambda$doGetBean$0(AbstractBeanFactory.java:339) ~[spring-beans-6.2.5.jar:6.2.5]
	at org.springframework.beans.factory.support.DefaultSingletonBeanRegistry.getSingleton(DefaultSingletonBeanRegistry.java:347) ~[spring-beans-6.2.5.jar:6.2.5]
	at org.springframework.beans.factory.support.AbstractBeanFactory.doGetBean(AbstractBeanFactory.java:337) ~[spring-beans-6.2.5.jar:6.2.5]
	at org.springframework.beans.factory.support.AbstractBeanFactory.getBean(AbstractBeanFactory.java:202) ~[spring-beans-6.2.5.jar:6.2.5]
	at org.springframework.beans.factory.support.DefaultListableBeanFactory.doResolveDependency(DefaultListableBeanFactory.java:1609) ~[spring-beans-6.2.5.jar:6.2.5]
	at org.springframework.beans.factory.support.DefaultListableBeanFactory.resolveDependency(DefaultListableBeanFactory.java:1555) ~[spring-beans-6.2.5.jar:6.2.5]
	at org.springframework.beans.factory.annotation.AutowiredAnnotationBeanPostProcessor$AutowiredFieldElement.resolveFieldValue(AutowiredAnnotationBeanPostProcessor.java:785) ~[spring-beans-6.2.5.jar:6.2.5]
	at org.springframework.beans.factory.annotation.AutowiredAnnotationBeanPostProcessor$AutowiredFieldElement.inject(AutowiredAnnotationBeanPostProcessor.java:768) ~[spring-beans-6.2.5.jar:6.2.5]
	at org.springframework.beans.factory.annotation.InjectionMetadata.inject(InjectionMetadata.java:146) ~[spring-beans-6.2.5.jar:6.2.5]
	at org.springframework.beans.factory.annotation.AutowiredAnnotationBeanPostProcessor.postProcessProperties(AutowiredAnnotationBeanPostProcessor.java:509) ~[spring-beans-6.2.5.jar:6.2.5]
	at org.springframework.beans.factory.support.AbstractAutowireCapableBeanFactory.populateBean(AbstractAutowireCapableBeanFactory.java:1445) ~[spring-beans-6.2.5.jar:6.2.5]
	at org.springframework.beans.factory.support.AbstractAutowireCapableBeanFactory.doCreateBean(AbstractAutowireCapableBeanFactory.java:600) ~[spring-beans-6.2.5.jar:6.2.5]
	at org.springframework.beans.factory.support.AbstractAutowireCapableBeanFactory.createBean(AbstractAutowireCapableBeanFactory.java:523) ~[spring-beans-6.2.5.jar:6.2.5]
	at org.springframework.beans.factory.support.AbstractBeanFactory.lambda$doGetBean$0(AbstractBeanFactory.java:339) ~[spring-beans-6.2.5.jar:6.2.5]
	at org.springframework.beans.factory.support.DefaultSingletonBeanRegistry.getSingleton(DefaultSingletonBeanRegistry.java:347) ~[spring-beans-6.2.5.jar:6.2.5]
	at org.springframework.beans.factory.support.AbstractBeanFactory.doGetBean(AbstractBeanFactory.java:337) ~[spring-beans-6.2.5.jar:6.2.5]
	at org.springframework.beans.factory.support.AbstractBeanFactory.getBean(AbstractBeanFactory.java:202) ~[spring-beans-6.2.5.jar:6.2.5]
	at org.springframework.beans.factory.support.DefaultListableBeanFactory.doResolveDependency(DefaultListableBeanFactory.java:1609) ~[spring-beans-6.2.5.jar:6.2.5]
	at org.springframework.beans.factory.support.DefaultListableBeanFactory.resolveDependency(DefaultListableBeanFactory.java:1555) ~[spring-beans-6.2.5.jar:6.2.5]
	at org.springframework.beans.factory.annotation.AutowiredAnnotationBeanPostProcessor$AutowiredFieldElement.resolveFieldValue(AutowiredAnnotationBeanPostProcessor.java:785) ~[spring-beans-6.2.5.jar:6.2.5]
	at org.springframework.beans.factory.annotation.AutowiredAnnotationBeanPostProcessor$AutowiredFieldElement.inject(AutowiredAnnotationBeanPostProcessor.java:768) ~[spring-beans-6.2.5.jar:6.2.5]
	at org.springframework.beans.factory.annotation.InjectionMetadata.inject(InjectionMetadata.java:146) ~[spring-beans-6.2.5.jar:6.2.5]
	at org.springframework.beans.factory.annotation.AutowiredAnnotationBeanPostProcessor.postProcessProperties(AutowiredAnnotationBeanPostProcessor.java:509) ~[spring-beans-6.2.5.jar:6.2.5]
	at org.springframework.beans.factory.support.AbstractAutowireCapableBeanFactory.populateBean(AbstractAutowireCapableBeanFactory.java:1445) ~[spring-beans-6.2.5.jar:6.2.5]
	at org.springframework.beans.factory.support.AbstractAutowireCapableBeanFactory.doCreateBean(AbstractAutowireCapableBeanFactory.java:600) ~[spring-beans-6.2.5.jar:6.2.5]
	at org.springframework.beans.factory.support.AbstractAutowireCapableBeanFactory.createBean(AbstractAutowireCapableBeanFactory.java:523) ~[spring-beans-6.2.5.jar:6.2.5]
	at org.springframework.beans.factory.support.AbstractBeanFactory.lambda$doGetBean$0(AbstractBeanFactory.java:339) ~[spring-beans-6.2.5.jar:6.2.5]
	at org.springframework.beans.factory.support.DefaultSingletonBeanRegistry.getSingleton(DefaultSingletonBeanRegistry.java:347) ~[spring-beans-6.2.5.jar:6.2.5]
	at org.springframework.beans.factory.support.AbstractBeanFactory.doGetBean(AbstractBeanFactory.java:337) ~[spring-beans-6.2.5.jar:6.2.5]
	at org.springframework.beans.factory.support.AbstractBeanFactory.getBean(AbstractBeanFactory.java:202) ~[spring-beans-6.2.5.jar:6.2.5]
	at org.springframework.beans.factory.support.DefaultListableBeanFactory.instantiateSingleton(DefaultListableBeanFactory.java:1155) ~[spring-beans-6.2.5.jar:6.2.5]
	at org.springframework.beans.factory.support.DefaultListableBeanFactory.preInstantiateSingleton(DefaultListableBeanFactory.java:1121) ~[spring-beans-6.2.5.jar:6.2.5]
	at org.springframework.beans.factory.support.DefaultListableBeanFactory.preInstantiateSingletons(DefaultListableBeanFactory.java:1056) ~[spring-beans-6.2.5.jar:6.2.5]
	at org.springframework.context.support.AbstractApplicationContext.finishBeanFactoryInitialization(AbstractApplicationContext.java:987) ~[spring-context-6.2.5.jar:6.2.5]
	at org.springframework.context.support.AbstractApplicationContext.refresh(AbstractApplicationContext.java:627) ~[spring-context-6.2.5.jar:6.2.5]
	at org.springframework.boot.web.servlet.context.ServletWebServerApplicationContext.refresh(ServletWebServerApplicationContext.java:146) ~[spring-boot-3.4.4.jar:3.4.4]
	at org.springframework.boot.SpringApplication.refresh(SpringApplication.java:752) ~[spring-boot-3.4.4.jar:3.4.4]
	at org.springframework.boot.SpringApplication.refreshContext(SpringApplication.java:439) ~[spring-boot-3.4.4.jar:3.4.4]
	at org.springframework.boot.SpringApplication.run(SpringApplication.java:318) ~[spring-boot-3.4.4.jar:3.4.4]
	at org.springframework.boot.SpringApplication.run(SpringApplication.java:1361) ~[spring-boot-3.4.4.jar:3.4.4]
	at org.springframework.boot.SpringApplication.run(SpringApplication.java:1350) ~[spring-boot-3.4.4.jar:3.4.4]
	at com.conectapro.conectapro.ConectaproApplication.main(ConectaproApplication.java:10) ~[classes/:na]

2025-04-12T00:10:40.923-03:00 DEBUG 29541 --- [conectapro] [main] o.s.d.jpa.repository.query.NamedQuery    : Did not find named query UserEntity.findByLogin
2025-04-12T00:10:40.925-03:00 DEBUG 29541 --- [conectapro] [main] tor$SharedEntityManagerInvocationHandler : Creating new EntityManager for shared EntityManager invocation
2025-04-12T00:10:40.965-03:00 DEBUG 29541 --- [conectapro] [main] o.s.d.r.c.s.RepositoryFactorySupport     : Finished creation of repository instance for com.conectapro.conectapro.repository.UserRepository.
2025-04-12T00:10:40.966-03:00 DEBUG 29541 --- [conectapro] [RMI TCP Connection(2)-127.0.0.1] sun.rmi.transport.tcp                    : RMI TCP Connection(2)-127.0.0.1: (port 36697) op = 82
2025-04-12T00:10:40.966-03:00 DEBUG 29541 --- [conectapro] [RMI TCP Connection(2)-127.0.0.1] sun.rmi.transport.tcp                    : RMI TCP Connection(2)-127.0.0.1: (port 36697) op = 80
2025-04-12T00:10:40.966-03:00 DEBUG 29541 --- [conectapro] [RMI TCP Connection(2)-127.0.0.1] sun.rmi.loader                           : RMI TCP Connection(2)-127.0.0.1: name = "javax.management.ObjectName", codebase = ""
2025-04-12T00:10:40.966-03:00 DEBUG 29541 --- [conectapro] [RMI TCP Connection(2)-127.0.0.1] javax.management.remote.rmi              : connectionId=rmi://127.0.0.1  1, name=org.springframework.boot:type=Admin,name=SpringApplication, attribute=Ready
2025-04-12T00:10:40.966-03:00 DEBUG 29541 --- [conectapro] [RMI TCP Connection(2)-127.0.0.1] sun.rmi.server.call                      : RMI TCP Connection(2)-127.0.0.1: [127.0.0.1] exception: 

javax.management.InstanceNotFoundException: org.springframework.boot:type=Admin,name=SpringApplication
	at java.management/com.sun.jmx.interceptor.DefaultMBeanServerInterceptor.getMBean(DefaultMBeanServerInterceptor.java:1073) ~[na:na]
	at java.management/com.sun.jmx.interceptor.DefaultMBeanServerInterceptor.getAttribute(DefaultMBeanServerInterceptor.java:632) ~[na:na]
	at java.management/com.sun.jmx.mbeanserver.JmxMBeanServer.getAttribute(JmxMBeanServer.java:679) ~[na:na]
	at java.management.rmi/javax.management.remote.rmi.RMIConnectionImpl.doOperation(RMIConnectionImpl.java:1449) ~[na:na]
	at java.management.rmi/javax.management.remote.rmi.RMIConnectionImpl$PrivilegedOperation.run(RMIConnectionImpl.java:1310) ~[na:na]
	at java.management.rmi/javax.management.remote.rmi.RMIConnectionImpl.doPrivilegedOperation(RMIConnectionImpl.java:1405) ~[na:na]
	at java.management.rmi/javax.management.remote.rmi.RMIConnectionImpl.getAttribute(RMIConnectionImpl.java:639) ~[na:na]
	at java.base/jdk.internal.reflect.DirectMethodHandleAccessor.invoke(DirectMethodHandleAccessor.java:103) ~[na:na]
	at java.base/java.lang.reflect.Method.invoke(Method.java:580) ~[na:na]
	at java.rmi/sun.rmi.server.UnicastServerRef.dispatch(UnicastServerRef.java:360) ~[na:na]
	at java.rmi/sun.rmi.transport.Transport$1.run(Transport.java:200) ~[na:na]
	at java.rmi/sun.rmi.transport.Transport$1.run(Transport.java:197) ~[na:na]
	at java.base/java.security.AccessController.doPrivileged(AccessController.java:714) ~[na:na]
	at java.rmi/sun.rmi.transport.Transport.serviceCall(Transport.java:196) ~[na:na]
	at java.rmi/sun.rmi.transport.tcp.TCPTransport.handleMessages(TCPTransport.java:598) ~[na:na]
	at java.rmi/sun.rmi.transport.tcp.TCPTransport$ConnectionHandler.run0(TCPTransport.java:844) ~[na:na]
	at java.rmi/sun.rmi.transport.tcp.TCPTransport$ConnectionHandler.lambda$run$0(TCPTransport.java:721) ~[na:na]
	at java.base/java.security.AccessController.doPrivileged(AccessController.java:400) ~[na:na]
	at java.rmi/sun.rmi.transport.tcp.TCPTransport$ConnectionHandler.run(TCPTransport.java:720) ~[na:na]
	at java.base/java.util.concurrent.ThreadPoolExecutor.runWorker(ThreadPoolExecutor.java:1144) ~[na:na]
	at java.base/java.util.concurrent.ThreadPoolExecutor$Worker.run(ThreadPoolExecutor.java:642) ~[na:na]
	at java.base/java.lang.Thread.run(Thread.java:1583) ~[na:na]

2025-04-12T00:10:40.970-03:00 DEBUG 29541 --- [conectapro] [main] o.s.b.f.s.DefaultListableBeanFactory     : Creating shared instance of singleton bean 'jwtService'
2025-04-12T00:10:40.971-03:00 DEBUG 29541 --- [conectapro] [main] o.s.c.e.PropertySourcesPropertyResolver  : Found key 'jwt.secret' in PropertySource 'environmentProperties' with value of type String
2025-04-12T00:10:40.973-03:00 DEBUG 29541 --- [conectapro] [main] o.s.b.f.s.DefaultListableBeanFactory     : Creating shared instance of singleton bean 'org.springframework.boot.autoconfigure.context.PropertyPlaceholderAutoConfiguration'
2025-04-12T00:10:40.973-03:00 DEBUG 29541 --- [conectapro] [main] o.s.b.f.s.DefaultListableBeanFactory     : Creating shared instance of singleton bean 'org.springframework.boot.context.properties.EnableConfigurationPropertiesRegistrar.methodValidationExcludeFilter'
2025-04-12T00:10:40.974-03:00 DEBUG 29541 --- [conectapro] [main] o.s.b.f.s.DefaultListableBeanFactory     : Creating shared instance of singleton bean 'org.springframework.boot.autoconfigure.websocket.servlet.WebSocketServletAutoConfiguration'
2025-04-12T00:10:40.974-03:00 DEBUG 29541 --- [conectapro] [main] o.s.b.f.s.DefaultListableBeanFactory     : Creating shared instance of singleton bean 'org.springframework.boot.autoconfigure.web.servlet.DispatcherServletAutoConfiguration'
2025-04-12T00:10:40.974-03:00 DEBUG 29541 --- [conectapro] [main] o.s.b.f.s.DefaultListableBeanFactory     : Creating shared instance of singleton bean 'org.springframework.boot.autoconfigure.task.TaskExecutorConfigurations$ThreadPoolTaskExecutorBuilderConfiguration'
2025-04-12T00:10:40.974-03:00 DEBUG 29541 --- [conectapro] [main] o.s.b.f.s.DefaultListableBeanFactory     : Creating shared instance of singleton bean 'threadPoolTaskExecutorBuilder'
2025-04-12T00:10:40.975-03:00 DEBUG 29541 --- [conectapro] [main] o.s.b.f.s.DefaultListableBeanFactory     : Creating shared instance of singleton bean 'spring.task.execution-org.springframework.boot.autoconfigure.task.TaskExecutionProperties'
2025-04-12T00:10:40.976-03:00 DEBUG 29541 --- [conectapro] [main] o.s.b.f.s.DefaultListableBeanFactory     : Autowiring by type from bean name 'threadPoolTaskExecutorBuilder' via factory method to bean named 'spring.task.execution-org.springframework.boot.autoconfigure.task.TaskExecutionProperties'
2025-04-12T00:10:40.979-03:00 DEBUG 29541 --- [conectapro] [main] o.s.b.f.s.DefaultListableBeanFactory     : Creating shared instance of singleton bean 'org.springframework.boot.autoconfigure.task.TaskExecutorConfigurations$SimpleAsyncTaskExecutorBuilderConfiguration'
2025-04-12T00:10:40.979-03:00 DEBUG 29541 --- [conectapro] [main] o.s.b.f.s.DefaultListableBeanFactory     : Autowiring by type from bean name 'org.springframework.boot.autoconfigure.task.TaskExecutorConfigurations$SimpleAsyncTaskExecutorBuilderConfiguration' via constructor to bean named 'spring.task.execution-org.springframework.boot.autoconfigure.task.TaskExecutionProperties'
2025-04-12T00:10:40.980-03:00 DEBUG 29541 --- [conectapro] [main] o.s.b.f.s.DefaultListableBeanFactory     : Creating shared instance of singleton bean 'simpleAsyncTaskExecutorBuilder'
2025-04-12T00:10:40.980-03:00 DEBUG 29541 --- [conectapro] [main] o.s.b.f.s.DefaultListableBeanFactory     : Creating shared instance of singleton bean 'org.springframework.boot.autoconfigure.task.TaskExecutorConfigurations$TaskExecutorConfiguration'
2025-04-12T00:10:40.981-03:00 DEBUG 29541 --- [conectapro] [main] o.s.b.f.s.DefaultListableBeanFactory     : Creating shared instance of singleton bean 'org.springframework.boot.autoconfigure.task.TaskExecutionAutoConfiguration'
2025-04-12T00:10:40.981-03:00 DEBUG 29541 --- [conectapro] [main] o.s.b.f.s.DefaultListableBeanFactory     : Creating shared instance of singleton bean 'org.springframework.boot.autoconfigure.web.servlet.error.ErrorMvcAutoConfiguration$WhitelabelErrorViewConfiguration'
2025-04-12T00:10:40.982-03:00 DEBUG 29541 --- [conectapro] [main] o.s.b.f.s.DefaultListableBeanFactory     : Creating shared instance of singleton bean 'error'
2025-04-12T00:10:40.982-03:00 DEBUG 29541 --- [conectapro] [main] o.s.b.f.s.DefaultListableBeanFactory     : Creating shared instance of singleton bean 'beanNameViewResolver'
2025-04-12T00:10:40.983-03:00 DEBUG 29541 --- [conectapro] [main] o.s.b.f.s.DefaultListableBeanFactory     : Creating shared instance of singleton bean 'org.springframework.boot.autoconfigure.web.servlet.error.ErrorMvcAutoConfiguration$DefaultErrorViewResolverConfiguration'
2025-04-12T00:10:40.983-03:00 DEBUG 29541 --- [conectapro] [main] o.s.b.f.s.DefaultListableBeanFactory     : Creating shared instance of singleton bean 'spring.web-org.springframework.boot.autoconfigure.web.WebProperties'
2025-04-12T00:10:40.986-03:00 DEBUG 29541 --- [conectapro] [main] o.s.b.f.s.DefaultListableBeanFactory     : Autowiring by type from bean name 'org.springframework.boot.autoconfigure.web.servlet.error.ErrorMvcAutoConfiguration$DefaultErrorViewResolverConfiguration' via constructor to bean named 'org.springframework.boot.web.servlet.context.AnnotationConfigServletWebServerApplicationContext@2449cff7'
2025-04-12T00:10:40.986-03:00 DEBUG 29541 --- [conectapro] [main] o.s.b.f.s.DefaultListableBeanFactory     : Autowiring by type from bean name 'org.springframework.boot.autoconfigure.web.servlet.error.ErrorMvcAutoConfiguration$DefaultErrorViewResolverConfiguration' via constructor to bean named 'spring.web-org.springframework.boot.autoconfigure.web.WebProperties'
2025-04-12T00:10:40.986-03:00 DEBUG 29541 --- [conectapro] [main] o.s.b.f.s.DefaultListableBeanFactory     : Creating shared instance of singleton bean 'conventionErrorViewResolver'
2025-04-12T00:10:40.987-03:00 DEBUG 29541 --- [conectapro] [main] o.s.b.f.s.DefaultListableBeanFactory     : Creating shared instance of singleton bean 'errorAttributes'
2025-04-12T00:10:40.989-03:00 DEBUG 29541 --- [conectapro] [main] o.s.b.f.s.DefaultListableBeanFactory     : Creating shared instance of singleton bean 'basicErrorController'
2025-04-12T00:10:40.989-03:00 DEBUG 29541 --- [conectapro] [main] o.s.b.f.s.DefaultListableBeanFactory     : Autowiring by type from bean name 'basicErrorController' via factory method to bean named 'errorAttributes'
2025-04-12T00:10:40.993-03:00 DEBUG 29541 --- [conectapro] [main] o.s.b.f.s.DefaultListableBeanFactory     : Creating shared instance of singleton bean 'org.springframework.boot.autoconfigure.web.servlet.WebMvcAutoConfiguration$EnableWebMvcConfiguration'
2025-04-12T00:10:40.994-03:00 DEBUG 29541 --- [conectapro] [main] o.s.b.f.s.DefaultListableBeanFactory     : Autowiring by type from bean name 'org.springframework.boot.autoconfigure.web.servlet.WebMvcAutoConfiguration$EnableWebMvcConfiguration' via constructor to bean named 'spring.mvc-org.springframework.boot.autoconfigure.web.servlet.WebMvcProperties'
2025-04-12T00:10:40.994-03:00 DEBUG 29541 --- [conectapro] [main] o.s.b.f.s.DefaultListableBeanFactory     : Autowiring by type from bean name 'org.springframework.boot.autoconfigure.web.servlet.WebMvcAutoConfiguration$EnableWebMvcConfiguration' via constructor to bean named 'spring.web-org.springframework.boot.autoconfigure.web.WebProperties'
2025-04-12T00:10:40.994-03:00 DEBUG 29541 --- [conectapro] [main] o.s.b.f.s.DefaultListableBeanFactory     : Autowiring by type from bean name 'org.springframework.boot.autoconfigure.web.servlet.WebMvcAutoConfiguration$EnableWebMvcConfiguration' via constructor to bean named 'org.springframework.beans.factory.support.DefaultListableBeanFactory@4bf324f9'
2025-04-12T00:10:41.000-03:00 DEBUG 29541 --- [conectapro] [main] o.s.b.f.s.DefaultListableBeanFactory     : Creating shared instance of singleton bean 'org.springframework.boot.autoconfigure.web.servlet.WebMvcAutoConfiguration$WebMvcAutoConfigurationAdapter'
2025-04-12T00:10:41.001-03:00 DEBUG 29541 --- [conectapro] [main] o.s.b.f.s.DefaultListableBeanFactory     : Autowiring by type from bean name 'org.springframework.boot.autoconfigure.web.servlet.WebMvcAutoConfiguration$WebMvcAutoConfigurationAdapter' via constructor to bean named 'spring.web-org.springframework.boot.autoconfigure.web.WebProperties'
2025-04-12T00:10:41.001-03:00 DEBUG 29541 --- [conectapro] [main] o.s.b.f.s.DefaultListableBeanFactory     : Autowiring by type from bean name 'org.springframework.boot.autoconfigure.web.servlet.WebMvcAutoConfiguration$WebMvcAutoConfigurationAdapter' via constructor to bean named 'spring.mvc-org.springframework.boot.autoconfigure.web.servlet.WebMvcProperties'
2025-04-12T00:10:41.001-03:00 DEBUG 29541 --- [conectapro] [main] o.s.b.f.s.DefaultListableBeanFactory     : Autowiring by type from bean name 'org.springframework.boot.autoconfigure.web.servlet.WebMvcAutoConfiguration$WebMvcAutoConfigurationAdapter' via constructor to bean named 'org.springframework.beans.factory.support.DefaultListableBeanFactory@4bf324f9'
2025-04-12T00:10:41.003-03:00 DEBUG 29541 --- [conectapro] [main] o.s.b.f.s.DefaultListableBeanFactory     : Creating shared instance of singleton bean 'openEntityManagerInViewInterceptorConfigurer'
2025-04-12T00:10:41.003-03:00 DEBUG 29541 --- [conectapro] [main] o.s.b.f.s.DefaultListableBeanFactory     : Creating shared instance of singleton bean 'org.springframework.boot.autoconfigure.orm.jpa.JpaBaseConfiguration$JpaWebConfiguration'
2025-04-12T00:10:41.004-03:00 DEBUG 29541 --- [conectapro] [main] o.s.b.f.s.DefaultListableBeanFactory     : Autowiring by type from bean name 'org.springframework.boot.autoconfigure.orm.jpa.JpaBaseConfiguration$JpaWebConfiguration' via constructor to bean named 'spring.jpa-org.springframework.boot.autoconfigure.orm.jpa.JpaProperties'
2025-04-12T00:10:41.004-03:00 DEBUG 29541 --- [conectapro] [main] o.s.b.f.s.DefaultListableBeanFactory     : Creating shared instance of singleton bean 'openEntityManagerInViewInterceptor'
2025-04-12T00:10:41.004-03:00  WARN 29541 --- [conectapro] [main] JpaBaseConfiguration$JpaWebConfiguration : spring.jpa.open-in-view is enabled by default. Therefore, database queries may be performed during view rendering. Explicitly configure spring.jpa.open-in-view to disable this warning
2025-04-12T00:10:41.005-03:00 DEBUG 29541 --- [conectapro] [main] o.s.b.f.s.DefaultListableBeanFactory     : Autowiring by type from bean name 'openEntityManagerInViewInterceptorConfigurer' via factory method to bean named 'openEntityManagerInViewInterceptor'
2025-04-12T00:10:41.006-03:00 DEBUG 29541 --- [conectapro] [main] o.s.b.f.s.DefaultListableBeanFactory     : Creating shared instance of singleton bean 'org.springframework.data.web.config.SpringDataWebConfiguration'
2025-04-12T00:10:41.007-03:00 DEBUG 29541 --- [conectapro] [main] o.s.b.f.s.DefaultListableBeanFactory     : Autowiring by type from bean name 'org.springframework.data.web.config.SpringDataWebConfiguration' via constructor to bean named 'org.springframework.boot.web.servlet.context.AnnotationConfigServletWebServerApplicationContext@2449cff7'
2025-04-12T00:10:41.009-03:00 DEBUG 29541 --- [conectapro] [main] o.s.b.f.s.DefaultListableBeanFactory     : Creating shared instance of singleton bean 'welcomePageHandlerMapping'
2025-04-12T00:10:41.010-03:00 DEBUG 29541 --- [conectapro] [main] o.s.b.f.s.DefaultListableBeanFactory     : Creating shared instance of singleton bean 'mvcConversionService'
2025-04-12T00:10:41.015-03:00 DEBUG 29541 --- [conectapro] [main] o.s.b.f.s.DefaultListableBeanFactory     : Creating shared instance of singleton bean 'mvcResourceUrlProvider'
2025-04-12T00:10:41.016-03:00 DEBUG 29541 --- [conectapro] [main] o.s.b.f.s.DefaultListableBeanFactory     : Autowiring by type from bean name 'welcomePageHandlerMapping' via factory method to bean named 'org.springframework.boot.web.servlet.context.AnnotationConfigServletWebServerApplicationContext@2449cff7'
2025-04-12T00:10:41.016-03:00 DEBUG 29541 --- [conectapro] [main] o.s.b.f.s.DefaultListableBeanFactory     : Autowiring by type from bean name 'welcomePageHandlerMapping' via factory method to bean named 'mvcConversionService'
2025-04-12T00:10:41.016-03:00 DEBUG 29541 --- [conectapro] [main] o.s.b.f.s.DefaultListableBeanFactory     : Autowiring by type from bean name 'welcomePageHandlerMapping' via factory method to bean named 'mvcResourceUrlProvider'
2025-04-12T00:10:41.018-03:00 DEBUG 29541 --- [conectapro] [main] org.apache.catalina.webresources.Cache   : Increased cache size by [521] for item [org.apache.catalina.webresources.CachedResource@22a2e581] at [/index.html] making total cache size [1052]
2025-04-12T00:10:41.026-03:00 DEBUG 29541 --- [conectapro] [main] o.s.b.f.s.DefaultListableBeanFactory     : Creating shared instance of singleton bean 'welcomePageNotAcceptableHandlerMapping'
2025-04-12T00:10:41.026-03:00 DEBUG 29541 --- [conectapro] [main] o.s.b.f.s.DefaultListableBeanFactory     : Autowiring by type from bean name 'welcomePageNotAcceptableHandlerMapping' via factory method to bean named 'org.springframework.boot.web.servlet.context.AnnotationConfigServletWebServerApplicationContext@2449cff7'
2025-04-12T00:10:41.026-03:00 DEBUG 29541 --- [conectapro] [main] o.s.b.f.s.DefaultListableBeanFactory     : Autowiring by type from bean name 'welcomePageNotAcceptableHandlerMapping' via factory method to bean named 'mvcConversionService'
2025-04-12T00:10:41.026-03:00 DEBUG 29541 --- [conectapro] [main] o.s.b.f.s.DefaultListableBeanFactory     : Autowiring by type from bean name 'welcomePageNotAcceptableHandlerMapping' via factory method to bean named 'mvcResourceUrlProvider'
2025-04-12T00:10:41.028-03:00 DEBUG 29541 --- [conectapro] [main] o.s.b.f.s.DefaultListableBeanFactory     : Creating shared instance of singleton bean 'localeResolver'
2025-04-12T00:10:41.029-03:00 DEBUG 29541 --- [conectapro] [main] o.s.b.f.s.DefaultListableBeanFactory     : Creating shared instance of singleton bean 'themeResolver'
2025-04-12T00:10:41.030-03:00 DEBUG 29541 --- [conectapro] [main] o.s.b.f.s.DefaultListableBeanFactory     : Creating shared instance of singleton bean 'flashMapManager'
2025-04-12T00:10:41.031-03:00 DEBUG 29541 --- [conectapro] [main] o.s.b.f.s.DefaultListableBeanFactory     : Creating shared instance of singleton bean 'viewNameTranslator'
2025-04-12T00:10:41.032-03:00 DEBUG 29541 --- [conectapro] [main] o.s.b.f.s.DefaultListableBeanFactory     : Creating shared instance of singleton bean 'mvcValidator'
2025-04-12T00:10:41.033-03:00 DEBUG 29541 --- [conectapro] [main] o.s.b.f.s.DefaultListableBeanFactory     : Creating shared instance of singleton bean 'mvcContentNegotiationManager'
2025-04-12T00:10:41.036-03:00 DEBUG 29541 --- [conectapro] [main] o.s.b.f.s.DefaultListableBeanFactory     : Creating shared instance of singleton bean 'requestMappingHandlerMapping'
2025-04-12T00:10:41.037-03:00 DEBUG 29541 --- [conectapro] [main] o.s.b.f.s.DefaultListableBeanFactory     : Autowiring by type from bean name 'requestMappingHandlerMapping' via factory method to bean named 'mvcContentNegotiationManager'
2025-04-12T00:10:41.037-03:00 DEBUG 29541 --- [conectapro] [main] o.s.b.f.s.DefaultListableBeanFactory     : Autowiring by type from bean name 'requestMappingHandlerMapping' via factory method to bean named 'mvcConversionService'
2025-04-12T00:10:41.037-03:00 DEBUG 29541 --- [conectapro] [main] o.s.b.f.s.DefaultListableBeanFactory     : Autowiring by type from bean name 'requestMappingHandlerMapping' via factory method to bean named 'mvcResourceUrlProvider'
2025-04-12T00:10:41.059-03:00 DEBUG 29541 --- [conectapro] [main] _.s.web.servlet.HandlerMapping.Mappings  : 
	c.c.c.c.LoginController:
	{POST [/api/login]}: login(LoginRequestDTO)
	{GET [/api/teste]}: teste()
2025-04-12T00:10:41.063-03:00 DEBUG 29541 --- [conectapro] [main] _.s.web.servlet.HandlerMapping.Mappings  : 
	o.s.b.a.w.s.e.BasicErrorController:
	{ [/error]}: error(HttpServletRequest)
	{ [/error], produces [text/html]}: errorHtml(HttpServletRequest,HttpServletResponse)
2025-04-12T00:10:41.064-03:00 DEBUG 29541 --- [conectapro] [main] s.w.s.m.m.a.RequestMappingHandlerMapping : 4 mappings in 'requestMappingHandlerMapping'
2025-04-12T00:10:41.066-03:00 DEBUG 29541 --- [conectapro] [main] o.s.b.f.s.DefaultListableBeanFactory     : Creating shared instance of singleton bean 'mvcPatternParser'
2025-04-12T00:10:41.067-03:00 DEBUG 29541 --- [conectapro] [main] o.s.b.f.s.DefaultListableBeanFactory     : Creating shared instance of singleton bean 'mvcUrlPathHelper'
2025-04-12T00:10:41.067-03:00 DEBUG 29541 --- [conectapro] [main] o.s.b.f.s.DefaultListableBeanFactory     : Creating shared instance of singleton bean 'mvcPathMatcher'
2025-04-12T00:10:41.068-03:00 DEBUG 29541 --- [conectapro] [main] o.s.b.f.s.DefaultListableBeanFactory     : Creating shared instance of singleton bean 'viewControllerHandlerMapping'
2025-04-12T00:10:41.068-03:00 DEBUG 29541 --- [conectapro] [main] o.s.b.f.s.DefaultListableBeanFactory     : Autowiring by type from bean name 'viewControllerHandlerMapping' via factory method to bean named 'mvcConversionService'
2025-04-12T00:10:41.069-03:00 DEBUG 29541 --- [conectapro] [main] o.s.b.f.s.DefaultListableBeanFactory     : Autowiring by type from bean name 'viewControllerHandlerMapping' via factory method to bean named 'mvcResourceUrlProvider'
2025-04-12T00:10:41.069-03:00 DEBUG 29541 --- [conectapro] [main] o.s.b.f.s.DefaultListableBeanFactory     : Creating shared instance of singleton bean 'beanNameHandlerMapping'
2025-04-12T00:10:41.069-03:00 DEBUG 29541 --- [conectapro] [main] o.s.b.f.s.DefaultListableBeanFactory     : Autowiring by type from bean name 'beanNameHandlerMapping' via factory method to bean named 'mvcConversionService'
2025-04-12T00:10:41.069-03:00 DEBUG 29541 --- [conectapro] [main] o.s.b.f.s.DefaultListableBeanFactory     : Autowiring by type from bean name 'beanNameHandlerMapping' via factory method to bean named 'mvcResourceUrlProvider'
2025-04-12T00:10:41.070-03:00 DEBUG 29541 --- [conectapro] [main] _.s.web.servlet.HandlerMapping.Mappings  : 'beanNameHandlerMapping' {}
2025-04-12T00:10:41.072-03:00 DEBUG 29541 --- [conectapro] [main] o.s.b.f.s.DefaultListableBeanFactory     : Creating shared instance of singleton bean 'routerFunctionMapping'
2025-04-12T00:10:41.072-03:00 DEBUG 29541 --- [conectapro] [main] o.s.b.f.s.DefaultListableBeanFactory     : Autowiring by type from bean name 'routerFunctionMapping' via factory method to bean named 'mvcConversionService'
2025-04-12T00:10:41.072-03:00 DEBUG 29541 --- [conectapro] [main] o.s.b.f.s.DefaultListableBeanFactory     : Autowiring by type from bean name 'routerFunctionMapping' via factory method to bean named 'mvcResourceUrlProvider'
2025-04-12T00:10:41.073-03:00 DEBUG 29541 --- [conectapro] [main] o.s.b.f.s.DefaultListableBeanFactory     : Creating shared instance of singleton bean 'messageConverters'
2025-04-12T00:10:41.073-03:00 DEBUG 29541 --- [conectapro] [main] o.s.b.f.s.DefaultListableBeanFactory     : Creating shared instance of singleton bean 'org.springframework.boot.autoconfigure.http.HttpMessageConvertersAutoConfiguration'
2025-04-12T00:10:41.075-03:00 DEBUG 29541 --- [conectapro] [main] o.s.b.f.s.DefaultListableBeanFactory     : Creating shared instance of singleton bean 'stringHttpMessageConverter'
2025-04-12T00:10:41.075-03:00 DEBUG 29541 --- [conectapro] [main] o.s.b.f.s.DefaultListableBeanFactory     : Creating shared instance of singleton bean 'org.springframework.boot.autoconfigure.http.HttpMessageConvertersAutoConfiguration$StringHttpMessageConverterConfiguration'
2025-04-12T00:10:41.076-03:00 DEBUG 29541 --- [conectapro] [main] o.s.b.f.s.DefaultListableBeanFactory     : Autowiring by type from bean name 'stringHttpMessageConverter' via factory method to bean named 'environment'
2025-04-12T00:10:41.079-03:00 DEBUG 29541 --- [conectapro] [main] o.s.b.f.s.DefaultListableBeanFactory     : Creating shared instance of singleton bean 'mappingJackson2HttpMessageConverter'
2025-04-12T00:10:41.079-03:00 DEBUG 29541 --- [conectapro] [main] o.s.b.f.s.DefaultListableBeanFactory     : Creating shared instance of singleton bean 'org.springframework.boot.autoconfigure.http.JacksonHttpMessageConvertersConfiguration$MappingJackson2HttpMessageConverterConfiguration'
2025-04-12T00:10:41.079-03:00 DEBUG 29541 --- [conectapro] [main] o.s.b.f.s.DefaultListableBeanFactory     : Creating shared instance of singleton bean 'jacksonObjectMapper'
2025-04-12T00:10:41.079-03:00 DEBUG 29541 --- [conectapro] [main] o.s.b.f.s.DefaultListableBeanFactory     : Creating shared instance of singleton bean 'org.springframework.boot.autoconfigure.jackson.JacksonAutoConfiguration$JacksonObjectMapperConfiguration'
2025-04-12T00:10:41.080-03:00 DEBUG 29541 --- [conectapro] [main] o.s.b.f.s.DefaultListableBeanFactory     : Creating shared instance of singleton bean 'org.springframework.boot.autoconfigure.jackson.JacksonAutoConfiguration$JacksonObjectMapperBuilderConfiguration'
2025-04-12T00:10:41.080-03:00 DEBUG 29541 --- [conectapro] [main] o.s.b.f.s.DefaultListableBeanFactory     : Creating shared instance of singleton bean 'standardJacksonObjectMapperBuilderCustomizer'
2025-04-12T00:10:41.081-03:00 DEBUG 29541 --- [conectapro] [main] o.s.b.f.s.DefaultListableBeanFactory     : Creating shared instance of singleton bean 'org.springframework.boot.autoconfigure.jackson.JacksonAutoConfiguration$Jackson2ObjectMapperBuilderCustomizerConfiguration'
2025-04-12T00:10:41.081-03:00 DEBUG 29541 --- [conectapro] [main] o.s.b.f.s.DefaultListableBeanFactory     : Creating shared instance of singleton bean 'spring.jackson-org.springframework.boot.autoconfigure.jackson.JacksonProperties'
2025-04-12T00:10:41.083-03:00 DEBUG 29541 --- [conectapro] [main] o.s.b.f.s.DefaultListableBeanFactory     : Autowiring by type from bean name 'standardJacksonObjectMapperBuilderCustomizer' via factory method to bean named 'spring.jackson-org.springframework.boot.autoconfigure.jackson.JacksonProperties'
2025-04-12T00:10:41.083-03:00 DEBUG 29541 --- [conectapro] [main] o.s.b.f.s.DefaultListableBeanFactory     : Creating shared instance of singleton bean 'parameterNamesModule'
2025-04-12T00:10:41.084-03:00 DEBUG 29541 --- [conectapro] [main] o.s.b.f.s.DefaultListableBeanFactory     : Creating shared instance of singleton bean 'org.springframework.boot.autoconfigure.jackson.JacksonAutoConfiguration$ParameterNamesModuleConfiguration'
2025-04-12T00:10:41.091-03:00 DEBUG 29541 --- [conectapro] [main] o.s.b.f.s.DefaultListableBeanFactory     : Creating shared instance of singleton bean 'jsonMixinModule'
2025-04-12T00:10:41.091-03:00 DEBUG 29541 --- [conectapro] [main] o.s.b.f.s.DefaultListableBeanFactory     : Creating shared instance of singleton bean 'org.springframework.boot.autoconfigure.jackson.JacksonAutoConfiguration$JacksonMixinConfiguration'
2025-04-12T00:10:41.092-03:00 DEBUG 29541 --- [conectapro] [main] o.s.b.f.s.DefaultListableBeanFactory     : Creating shared instance of singleton bean 'jsonMixinModuleEntries'
2025-04-12T00:10:41.092-03:00 DEBUG 29541 --- [conectapro] [main] o.s.b.f.s.DefaultListableBeanFactory     : Autowiring by type from bean name 'jsonMixinModuleEntries' via factory method to bean named 'org.springframework.boot.web.servlet.context.AnnotationConfigServletWebServerApplicationContext@2449cff7'
2025-04-12T00:10:41.096-03:00 DEBUG 29541 --- [conectapro] [main] o.s.b.f.s.DefaultListableBeanFactory     : Autowiring by type from bean name 'jsonMixinModule' via factory method to bean named 'org.springframework.boot.web.servlet.context.AnnotationConfigServletWebServerApplicationContext@2449cff7'
2025-04-12T00:10:41.096-03:00 DEBUG 29541 --- [conectapro] [main] o.s.b.f.s.DefaultListableBeanFactory     : Autowiring by type from bean name 'jsonMixinModule' via factory method to bean named 'jsonMixinModuleEntries'
2025-04-12T00:10:41.097-03:00 DEBUG 29541 --- [conectapro] [main] o.s.b.f.s.DefaultListableBeanFactory     : Creating shared instance of singleton bean 'jsonComponentModule'
2025-04-12T00:10:41.097-03:00 DEBUG 29541 --- [conectapro] [main] o.s.b.f.s.DefaultListableBeanFactory     : Creating shared instance of singleton bean 'org.springframework.boot.autoconfigure.jackson.JacksonAutoConfiguration'
2025-04-12T00:10:41.100-03:00 DEBUG 29541 --- [conectapro] [main] o.s.b.f.s.DefaultListableBeanFactory     : Creating shared instance of singleton bean 'jacksonGeoModule'
2025-04-12T00:10:41.101-03:00 DEBUG 29541 --- [conectapro] [main] o.s.b.f.s.DefaultListableBeanFactory     : Creating shared instance of singleton bean 'org.springframework.data.web.config.SpringDataJacksonConfiguration'
2025-04-12T00:10:41.101-03:00 DEBUG 29541 --- [conectapro] [main] o.s.b.f.s.DefaultListableBeanFactory     : Creating shared instance of singleton bean 'springDataWebSettings'
2025-04-12T00:10:41.102-03:00 DEBUG 29541 --- [conectapro] [main] o.s.b.f.s.DefaultListableBeanFactory     : Creating shared instance of singleton bean 'org.springframework.boot.autoconfigure.data.web.SpringDataWebAutoConfiguration'
2025-04-12T00:10:41.103-03:00 DEBUG 29541 --- [conectapro] [main] o.s.b.f.s.DefaultListableBeanFactory     : Creating shared instance of singleton bean 'spring.data.web-org.springframework.boot.autoconfigure.data.web.SpringDataWebProperties'
2025-04-12T00:10:41.104-03:00 DEBUG 29541 --- [conectapro] [main] o.s.b.f.s.DefaultListableBeanFactory     : Autowiring by type from bean name 'org.springframework.boot.autoconfigure.data.web.SpringDataWebAutoConfiguration' via constructor to bean named 'spring.data.web-org.springframework.boot.autoconfigure.data.web.SpringDataWebProperties'
2025-04-12T00:10:41.117-03:00 DEBUG 29541 --- [conectapro] [main] o.s.b.f.s.DefaultListableBeanFactory     : Creating shared instance of singleton bean 'pageModule'
2025-04-12T00:10:41.119-03:00 DEBUG 29541 --- [conectapro] [main] o.s.b.f.s.DefaultListableBeanFactory     : Autowiring by type from bean name 'jacksonObjectMapperBuilder' via factory method to bean named 'org.springframework.boot.web.servlet.context.AnnotationConfigServletWebServerApplicationContext@2449cff7'
2025-04-12T00:10:41.119-03:00 DEBUG 29541 --- [conectapro] [main] o.s.b.f.s.DefaultListableBeanFactory     : Autowiring by type from bean name 'jacksonObjectMapperBuilder' via factory method to bean named 'standardJacksonObjectMapperBuilderCustomizer'
2025-04-12T00:10:41.121-03:00 DEBUG 29541 --- [conectapro] [main] o.s.b.f.s.DefaultListableBeanFactory     : Autowiring by type from bean name 'jacksonObjectMapper' via factory method to bean named 'jacksonObjectMapperBuilder'
2025-04-12T00:10:41.130-03:00 DEBUG 29541 --- [conectapro] [main] o.s.b.f.s.DefaultListableBeanFactory     : Autowiring by type from bean name 'mappingJackson2HttpMessageConverter' via factory method to bean named 'jacksonObjectMapper'
2025-04-12T00:10:41.137-03:00 DEBUG 29541 --- [conectapro] [main] o.s.b.f.s.DefaultListableBeanFactory     : Creating shared instance of singleton bean 'resourceHandlerMapping'
2025-04-12T00:10:41.138-03:00 DEBUG 29541 --- [conectapro] [main] o.s.b.f.s.DefaultListableBeanFactory     : Autowiring by type from bean name 'resourceHandlerMapping' via factory method to bean named 'mvcContentNegotiationManager'
2025-04-12T00:10:41.138-03:00 DEBUG 29541 --- [conectapro] [main] o.s.b.f.s.DefaultListableBeanFactory     : Autowiring by type from bean name 'resourceHandlerMapping' via factory method to bean named 'mvcConversionService'
2025-04-12T00:10:41.138-03:00 DEBUG 29541 --- [conectapro] [main] o.s.b.f.s.DefaultListableBeanFactory     : Autowiring by type from bean name 'resourceHandlerMapping' via factory method to bean named 'mvcResourceUrlProvider'
2025-04-12T00:10:41.145-03:00 DEBUG 29541 --- [conectapro] [main] org.apache.catalina.webresources.Cache   : Increased cache size by [501] for item [org.apache.catalina.webresources.CachedResource@df34b01] at [/] making total cache size [1553]
2025-04-12T00:10:41.147-03:00 DEBUG 29541 --- [conectapro] [main] _.s.web.servlet.HandlerMapping.Mappings  : 'resourceHandlerMapping' {/webjars/**=ResourceHttpRequestHandler [classpath [META-INF/resources/webjars/]], /**=ResourceHttpRequestHandler [classpath [META-INF/resources/], classpath [resources/], classpath [static/], classpath [public/], ServletContext [/]]}
2025-04-12T00:10:41.148-03:00 DEBUG 29541 --- [conectapro] [main] o.s.b.f.s.DefaultListableBeanFactory     : Creating shared instance of singleton bean 'defaultServletHandlerMapping'
2025-04-12T00:10:41.148-03:00 DEBUG 29541 --- [conectapro] [main] o.s.b.f.s.DefaultListableBeanFactory     : Creating shared instance of singleton bean 'requestMappingHandlerAdapter'
2025-04-12T00:10:41.149-03:00 DEBUG 29541 --- [conectapro] [main] o.s.b.f.s.DefaultListableBeanFactory     : Autowiring by type from bean name 'requestMappingHandlerAdapter' via factory method to bean named 'mvcContentNegotiationManager'
2025-04-12T00:10:41.149-03:00 DEBUG 29541 --- [conectapro] [main] o.s.b.f.s.DefaultListableBeanFactory     : Autowiring by type from bean name 'requestMappingHandlerAdapter' via factory method to bean named 'mvcConversionService'
2025-04-12T00:10:41.149-03:00 DEBUG 29541 --- [conectapro] [main] o.s.b.f.s.DefaultListableBeanFactory     : Autowiring by type from bean name 'requestMappingHandlerAdapter' via factory method to bean named 'mvcValidator'
2025-04-12T00:10:41.154-03:00 DEBUG 29541 --- [conectapro] [main] o.s.b.f.s.DefaultListableBeanFactory     : Creating shared instance of singleton bean 'sortResolver'
2025-04-12T00:10:41.155-03:00 DEBUG 29541 --- [conectapro] [main] o.s.b.f.s.DefaultListableBeanFactory     : Creating shared instance of singleton bean 'sortCustomizer'
2025-04-12T00:10:41.157-03:00 DEBUG 29541 --- [conectapro] [main] o.s.b.f.s.DefaultListableBeanFactory     : Creating shared instance of singleton bean 'pageableResolver'
2025-04-12T00:10:41.158-03:00 DEBUG 29541 --- [conectapro] [main] o.s.b.f.s.DefaultListableBeanFactory     : Creating shared instance of singleton bean 'pageableCustomizer'
2025-04-12T00:10:41.160-03:00 DEBUG 29541 --- [conectapro] [main] o.s.b.f.s.DefaultListableBeanFactory     : Creating shared instance of singleton bean 'applicationTaskExecutor'
2025-04-12T00:10:41.161-03:00 DEBUG 29541 --- [conectapro] [main] o.s.b.f.s.DefaultListableBeanFactory     : Autowiring by type from bean name 'applicationTaskExecutor' via factory method to bean named 'threadPoolTaskExecutorBuilder'
2025-04-12T00:10:41.163-03:00 DEBUG 29541 --- [conectapro] [main] o.s.s.concurrent.ThreadPoolTaskExecutor  : Initializing ExecutorService 'applicationTaskExecutor'
2025-04-12T00:10:41.171-03:00 DEBUG 29541 --- [conectapro] [main] s.w.s.m.m.a.RequestMappingHandlerAdapter : ControllerAdvice beans: 0 @ModelAttribute, 0 @InitBinder, 1 RequestBodyAdvice, 1 ResponseBodyAdvice
2025-04-12T00:10:41.186-03:00 DEBUG 29541 --- [conectapro] [main] o.s.b.f.s.DefaultListableBeanFactory     : Creating shared instance of singleton bean 'mvcViewResolver'
2025-04-12T00:10:41.186-03:00 DEBUG 29541 --- [conectapro] [main] o.s.b.f.s.DefaultListableBeanFactory     : Autowiring by type from bean name 'mvcViewResolver' via factory method to bean named 'mvcContentNegotiationManager'
2025-04-12T00:10:41.188-03:00 DEBUG 29541 --- [conectapro] [main] o.s.b.f.s.DefaultListableBeanFactory     : Creating shared instance of singleton bean 'defaultViewResolver'
2025-04-12T00:10:41.192-03:00 DEBUG 29541 --- [conectapro] [main] o.s.b.f.s.DefaultListableBeanFactory     : Creating shared instance of singleton bean 'viewResolver'
2025-04-12T00:10:41.193-03:00 DEBUG 29541 --- [conectapro] [main] o.s.b.f.s.DefaultListableBeanFactory     : Autowiring by type from bean name 'viewResolver' via factory method to bean named 'org.springframework.beans.factory.support.DefaultListableBeanFactory@4bf324f9'
2025-04-12T00:10:41.194-03:00 DEBUG 29541 --- [conectapro] [main] o.s.b.f.s.DefaultListableBeanFactory     : Creating shared instance of singleton bean 'viewResolver'
2025-04-12T00:10:41.199-03:00 DEBUG 29541 --- [conectapro] [main] o.s.b.f.s.DefaultListableBeanFactory     : Creating shared instance of singleton bean 'handlerFunctionAdapter'
2025-04-12T00:10:41.200-03:00 DEBUG 29541 --- [conectapro] [main] o.s.b.f.s.DefaultListableBeanFactory     : Creating shared instance of singleton bean 'mvcUriComponentsContributor'
2025-04-12T00:10:41.201-03:00 DEBUG 29541 --- [conectapro] [main] o.s.b.f.s.DefaultListableBeanFactory     : Autowiring by type from bean name 'mvcUriComponentsContributor' via factory method to bean named 'mvcConversionService'
2025-04-12T00:10:41.201-03:00 DEBUG 29541 --- [conectapro] [main] o.s.b.f.s.DefaultListableBeanFactory     : Autowiring by type from bean name 'mvcUriComponentsContributor' via factory method to bean named 'requestMappingHandlerAdapter'
2025-04-12T00:10:41.203-03:00 DEBUG 29541 --- [conectapro] [main] o.s.b.f.s.DefaultListableBeanFactory     : Creating shared instance of singleton bean 'httpRequestHandlerAdapter'
2025-04-12T00:10:41.204-03:00 DEBUG 29541 --- [conectapro] [main] o.s.b.f.s.DefaultListableBeanFactory     : Creating shared instance of singleton bean 'simpleControllerHandlerAdapter'
2025-04-12T00:10:41.204-03:00 DEBUG 29541 --- [conectapro] [main] o.s.b.f.s.DefaultListableBeanFactory     : Creating shared instance of singleton bean 'handlerExceptionResolver'
2025-04-12T00:10:41.204-03:00 DEBUG 29541 --- [conectapro] [main] o.s.b.f.s.DefaultListableBeanFactory     : Autowiring by type from bean name 'handlerExceptionResolver' via factory method to bean named 'mvcContentNegotiationManager'
2025-04-12T00:10:41.207-03:00 DEBUG 29541 --- [conectapro] [main] .m.m.a.ExceptionHandlerExceptionResolver : ControllerAdvice beans: 0 @ExceptionHandler, 1 ResponseBodyAdvice
2025-04-12T00:10:41.209-03:00 DEBUG 29541 --- [conectapro] [main] o.s.b.f.s.DefaultListableBeanFactory     : Creating shared instance of singleton bean 'org.springframework.boot.autoconfigure.jmx.JmxAutoConfiguration'
2025-04-12T00:10:41.209-03:00 DEBUG 29541 --- [conectapro] [main] o.s.b.f.s.DefaultListableBeanFactory     : Creating shared instance of singleton bean 'spring.jmx-org.springframework.boot.autoconfigure.jmx.JmxProperties'
2025-04-12T00:10:41.211-03:00 DEBUG 29541 --- [conectapro] [main] o.s.b.f.s.DefaultListableBeanFactory     : Autowiring by type from bean name 'org.springframework.boot.autoconfigure.jmx.JmxAutoConfiguration' via constructor to bean named 'spring.jmx-org.springframework.boot.autoconfigure.jmx.JmxProperties'
2025-04-12T00:10:41.211-03:00 DEBUG 29541 --- [conectapro] [main] o.s.b.f.s.DefaultListableBeanFactory     : Creating shared instance of singleton bean 'mbeanExporter'
2025-04-12T00:10:41.211-03:00 DEBUG 29541 --- [conectapro] [main] o.s.b.f.s.DefaultListableBeanFactory     : Creating shared instance of singleton bean 'objectNamingStrategy'
2025-04-12T00:10:41.213-03:00 DEBUG 29541 --- [conectapro] [main] o.s.b.f.s.DefaultListableBeanFactory     : Autowiring by type from bean name 'mbeanExporter' via factory method to bean named 'objectNamingStrategy'
2025-04-12T00:10:41.213-03:00 DEBUG 29541 --- [conectapro] [main] o.s.b.f.s.DefaultListableBeanFactory     : Autowiring by type from bean name 'mbeanExporter' via factory method to bean named 'org.springframework.beans.factory.support.DefaultListableBeanFactory@4bf324f9'
2025-04-12T00:10:41.216-03:00 DEBUG 29541 --- [conectapro] [main] o.s.b.f.s.DefaultListableBeanFactory     : Creating shared instance of singleton bean 'mbeanServer'
2025-04-12T00:10:41.217-03:00 DEBUG 29541 --- [conectapro] [main] o.springframework.jmx.support.JmxUtils   : Found MBeanServer: com.sun.jmx.mbeanserver.JmxMBeanServer@2aa5fe93
2025-04-12T00:10:41.220-03:00 DEBUG 29541 --- [conectapro] [main] o.s.b.f.s.DefaultListableBeanFactory     : Creating shared instance of singleton bean 'org.springframework.boot.autoconfigure.admin.SpringApplicationAdminJmxAutoConfiguration'
2025-04-12T00:10:41.221-03:00 DEBUG 29541 --- [conectapro] [main] o.s.b.f.s.DefaultListableBeanFactory     : Creating shared instance of singleton bean 'springApplicationAdminRegistrar'
2025-04-12T00:10:41.221-03:00 DEBUG 29541 --- [conectapro] [main] o.s.b.f.s.DefaultListableBeanFactory     : Autowiring by type from bean name 'springApplicationAdminRegistrar' via factory method to bean named 'environment'
2025-04-12T00:10:41.223-03:00 DEBUG 29541 --- [conectapro] [main] inMXBeanRegistrar$SpringApplicationAdmin : Application Admin MBean registered with name 'org.springframework.boot:type=Admin,name=SpringApplication'
2025-04-12T00:10:41.223-03:00 DEBUG 29541 --- [conectapro] [main] o.s.b.f.s.DefaultListableBeanFactory     : Creating shared instance of singleton bean 'org.springframework.boot.autoconfigure.aop.AopAutoConfiguration$AspectJAutoProxyingConfiguration$CglibAutoProxyConfiguration'
2025-04-12T00:10:41.224-03:00 DEBUG 29541 --- [conectapro] [main] o.s.b.f.s.DefaultListableBeanFactory     : Creating shared instance of singleton bean 'org.springframework.boot.autoconfigure.aop.AopAutoConfiguration$AspectJAutoProxyingConfiguration'
2025-04-12T00:10:41.224-03:00 DEBUG 29541 --- [conectapro] [main] o.s.b.f.s.DefaultListableBeanFactory     : Creating shared instance of singleton bean 'org.springframework.boot.autoconfigure.aop.AopAutoConfiguration'
2025-04-12T00:10:41.224-03:00 DEBUG 29541 --- [conectapro] [main] o.s.b.f.s.DefaultListableBeanFactory     : Creating shared instance of singleton bean 'org.springframework.boot.autoconfigure.availability.ApplicationAvailabilityAutoConfiguration'
2025-04-12T00:10:41.224-03:00 DEBUG 29541 --- [conectapro] [main] o.s.b.f.s.DefaultListableBeanFactory     : Creating shared instance of singleton bean 'applicationAvailability'
2025-04-12T00:10:41.225-03:00 DEBUG 29541 --- [conectapro] [main] o.s.b.f.s.DefaultListableBeanFactory     : Creating shared instance of singleton bean 'org.springframework.boot.autoconfigure.transaction.jta.JtaAutoConfiguration'
2025-04-12T00:10:41.225-03:00 DEBUG 29541 --- [conectapro] [main] o.s.b.f.s.DefaultListableBeanFactory     : Creating shared instance of singleton bean 'org.springframework.boot.autoconfigure.jdbc.DataSourceJmxConfiguration$Hikari'
2025-04-12T00:10:41.226-03:00 DEBUG 29541 --- [conectapro] [main] o.s.b.f.s.DefaultListableBeanFactory     : Autowiring by type from bean name 'org.springframework.boot.autoconfigure.jdbc.DataSourceJmxConfiguration$Hikari' via constructor to bean named 'dataSource'
2025-04-12T00:10:41.226-03:00 DEBUG 29541 --- [conectapro] [main] o.s.b.f.s.DefaultListableBeanFactory     : Creating shared instance of singleton bean 'org.springframework.boot.autoconfigure.jdbc.DataSourceJmxConfiguration'
2025-04-12T00:10:41.226-03:00 DEBUG 29541 --- [conectapro] [main] o.s.b.f.s.DefaultListableBeanFactory     : Creating shared instance of singleton bean 'org.springframework.boot.autoconfigure.jdbc.metadata.DataSourcePoolMetadataProvidersConfiguration'
2025-04-12T00:10:41.226-03:00 DEBUG 29541 --- [conectapro] [main] o.s.b.f.s.DefaultListableBeanFactory     : Creating shared instance of singleton bean 'org.springframework.boot.autoconfigure.jdbc.DataSourceAutoConfiguration'
2025-04-12T00:10:41.227-03:00 DEBUG 29541 --- [conectapro] [main] o.s.b.f.s.DefaultListableBeanFactory     : Creating shared instance of singleton bean 'org.springframework.boot.autoconfigure.transaction.TransactionManagerCustomizationAutoConfiguration'
2025-04-12T00:10:41.227-03:00 DEBUG 29541 --- [conectapro] [main] o.s.b.f.s.DefaultListableBeanFactory     : Creating shared instance of singleton bean 'platformTransactionManagerCustomizers'
2025-04-12T00:10:41.228-03:00 DEBUG 29541 --- [conectapro] [main] o.s.b.f.s.DefaultListableBeanFactory     : Creating shared instance of singleton bean 'transactionExecutionListeners'
2025-04-12T00:10:41.228-03:00 DEBUG 29541 --- [conectapro] [main] o.s.b.f.s.DefaultListableBeanFactory     : Creating shared instance of singleton bean 'spring.transaction-org.springframework.boot.autoconfigure.transaction.TransactionProperties'
2025-04-12T00:10:41.231-03:00 DEBUG 29541 --- [conectapro] [main] o.s.b.f.s.DefaultListableBeanFactory     : Creating shared instance of singleton bean 'org.springframework.boot.autoconfigure.orm.jpa.JpaBaseConfiguration$PersistenceManagedTypesConfiguration'
2025-04-12T00:10:41.231-03:00 DEBUG 29541 --- [conectapro] [main] o.s.b.f.s.DefaultListableBeanFactory     : Creating shared instance of singleton bean 'transactionManager'
2025-04-12T00:10:41.236-03:00 DEBUG 29541 --- [conectapro] [main] o.s.b.f.s.DefaultListableBeanFactory     : Creating shared instance of singleton bean 'org.springframework.boot.autoconfigure.orm.jpa.HibernateJpaAutoConfiguration'
2025-04-12T00:10:41.236-03:00 DEBUG 29541 --- [conectapro] [main] o.s.b.f.s.DefaultListableBeanFactory     : Creating shared instance of singleton bean 'org.springframework.boot.autoconfigure.context.ConfigurationPropertiesAutoConfiguration'
2025-04-12T00:10:41.236-03:00 DEBUG 29541 --- [conectapro] [main] o.s.b.f.s.DefaultListableBeanFactory     : Creating shared instance of singleton bean 'org.springframework.boot.autoconfigure.context.LifecycleAutoConfiguration'
2025-04-12T00:10:41.237-03:00 DEBUG 29541 --- [conectapro] [main] o.s.b.f.s.DefaultListableBeanFactory     : Creating shared instance of singleton bean 'lifecycleProcessor'
2025-04-12T00:10:41.237-03:00 DEBUG 29541 --- [conectapro] [main] o.s.b.f.s.DefaultListableBeanFactory     : Creating shared instance of singleton bean 'spring.lifecycle-org.springframework.boot.autoconfigure.context.LifecycleProperties'
2025-04-12T00:10:41.238-03:00 DEBUG 29541 --- [conectapro] [main] o.s.b.f.s.DefaultListableBeanFactory     : Autowiring by type from bean name 'lifecycleProcessor' via factory method to bean named 'spring.lifecycle-org.springframework.boot.autoconfigure.context.LifecycleProperties'
2025-04-12T00:10:41.239-03:00 DEBUG 29541 --- [conectapro] [main] o.s.b.f.s.DefaultListableBeanFactory     : Creating shared instance of singleton bean 'org.springframework.boot.autoconfigure.dao.PersistenceExceptionTranslationAutoConfiguration'
2025-04-12T00:10:41.239-03:00 DEBUG 29541 --- [conectapro] [main] o.s.b.f.s.DefaultListableBeanFactory     : Creating shared instance of singleton bean 'org.springframework.boot.autoconfigure.data.jpa.JpaRepositoriesAutoConfiguration'
2025-04-12T00:10:41.240-03:00 DEBUG 29541 --- [conectapro] [main] o.s.b.f.s.DefaultListableBeanFactory     : Creating shared instance of singleton bean 'org.springframework.data.jpa.util.JpaMetamodelCacheCleanup'
2025-04-12T00:10:41.240-03:00 DEBUG 29541 --- [conectapro] [main] o.s.b.f.s.DefaultListableBeanFactory     : Creating shared instance of singleton bean 'org.springframework.data.jpa.repository.support.JpaEvaluationContextExtension'
2025-04-12T00:10:41.241-03:00 DEBUG 29541 --- [conectapro] [main] o.s.b.f.s.DefaultListableBeanFactory     : Creating shared instance of singleton bean 'data-jpa.repository-aot-processor#0'
2025-04-12T00:10:41.244-03:00 DEBUG 29541 --- [conectapro] [main] o.s.b.f.s.DefaultListableBeanFactory     : Creating shared instance of singleton bean 'org.springframework.boot.autoconfigure.http.JacksonHttpMessageConvertersConfiguration'
2025-04-12T00:10:41.244-03:00 DEBUG 29541 --- [conectapro] [main] o.s.b.f.s.DefaultListableBeanFactory     : Creating shared instance of singleton bean 'org.springframework.data.web.config.ProjectingArgumentResolverRegistrar'
2025-04-12T00:10:41.244-03:00 DEBUG 29541 --- [conectapro] [main] o.s.b.f.s.DefaultListableBeanFactory     : Creating shared instance of singleton bean 'offsetResolver'
2025-04-12T00:10:41.245-03:00 DEBUG 29541 --- [conectapro] [main] o.s.b.f.s.DefaultListableBeanFactory     : Creating shared instance of singleton bean 'org.springframework.boot.autoconfigure.http.client.HttpClientAutoConfiguration'
2025-04-12T00:10:41.246-03:00 DEBUG 29541 --- [conectapro] [main] o.s.b.f.s.DefaultListableBeanFactory     : Creating shared instance of singleton bean 'clientHttpRequestFactoryBuilder'
2025-04-12T00:10:41.246-03:00 DEBUG 29541 --- [conectapro] [main] o.s.b.f.s.DefaultListableBeanFactory     : Creating shared instance of singleton bean 'spring.http.client-org.springframework.boot.autoconfigure.http.client.HttpClientProperties'
2025-04-12T00:10:41.247-03:00 DEBUG 29541 --- [conectapro] [main] o.s.b.f.s.DefaultListableBeanFactory     : Autowiring by type from bean name 'clientHttpRequestFactoryBuilder' via factory method to bean named 'spring.http.client-org.springframework.boot.autoconfigure.http.client.HttpClientProperties'
2025-04-12T00:10:41.252-03:00 DEBUG 29541 --- [conectapro] [main] o.s.b.f.s.DefaultListableBeanFactory     : Creating shared instance of singleton bean 'clientHttpRequestFactorySettings'
2025-04-12T00:10:41.252-03:00 DEBUG 29541 --- [conectapro] [main] o.s.b.f.s.DefaultListableBeanFactory     : Autowiring by type from bean name 'clientHttpRequestFactorySettings' via factory method to bean named 'spring.http.client-org.springframework.boot.autoconfigure.http.client.HttpClientProperties'
2025-04-12T00:10:41.254-03:00 DEBUG 29541 --- [conectapro] [main] o.s.b.f.s.DefaultListableBeanFactory     : Creating shared instance of singleton bean 'org.springframework.boot.autoconfigure.info.ProjectInfoAutoConfiguration'
2025-04-12T00:10:41.255-03:00 DEBUG 29541 --- [conectapro] [main] o.s.b.f.s.DefaultListableBeanFactory     : Creating shared instance of singleton bean 'spring.info-org.springframework.boot.autoconfigure.info.ProjectInfoProperties'
2025-04-12T00:10:41.256-03:00 DEBUG 29541 --- [conectapro] [main] o.s.b.f.s.DefaultListableBeanFactory     : Autowiring by type from bean name 'org.springframework.boot.autoconfigure.info.ProjectInfoAutoConfiguration' via constructor to bean named 'spring.info-org.springframework.boot.autoconfigure.info.ProjectInfoProperties'
2025-04-12T00:10:41.256-03:00 DEBUG 29541 --- [conectapro] [main] o.s.b.f.s.DefaultListableBeanFactory     : Creating shared instance of singleton bean 'org.springframework.boot.autoconfigure.jdbc.JdbcTemplateConfiguration'
2025-04-12T00:10:41.256-03:00 DEBUG 29541 --- [conectapro] [main] o.s.b.f.s.DefaultListableBeanFactory     : Creating shared instance of singleton bean 'jdbcTemplate'
2025-04-12T00:10:41.257-03:00 DEBUG 29541 --- [conectapro] [main] o.s.b.f.s.DefaultListableBeanFactory     : Creating shared instance of singleton bean 'spring.jdbc-org.springframework.boot.autoconfigure.jdbc.JdbcProperties'
2025-04-12T00:10:41.257-03:00 DEBUG 29541 --- [conectapro] [main] o.s.b.f.s.DefaultListableBeanFactory     : Autowiring by type from bean name 'jdbcTemplate' via factory method to bean named 'dataSource'
2025-04-12T00:10:41.257-03:00 DEBUG 29541 --- [conectapro] [main] o.s.b.f.s.DefaultListableBeanFactory     : Autowiring by type from bean name 'jdbcTemplate' via factory method to bean named 'spring.jdbc-org.springframework.boot.autoconfigure.jdbc.JdbcProperties'
2025-04-12T00:10:41.262-03:00 DEBUG 29541 --- [conectapro] [main] o.s.b.f.s.DefaultListableBeanFactory     : Creating shared instance of singleton bean 'org.springframework.boot.autoconfigure.jdbc.NamedParameterJdbcTemplateConfiguration'
2025-04-12T00:10:41.262-03:00 DEBUG 29541 --- [conectapro] [main] o.s.b.f.s.DefaultListableBeanFactory     : Creating shared instance of singleton bean 'namedParameterJdbcTemplate'
2025-04-12T00:10:41.262-03:00 DEBUG 29541 --- [conectapro] [main] o.s.b.f.s.DefaultListableBeanFactory     : Autowiring by type from bean name 'namedParameterJdbcTemplate' via factory method to bean named 'jdbcTemplate'
2025-04-12T00:10:41.264-03:00 DEBUG 29541 --- [conectapro] [main] o.s.b.f.s.DefaultListableBeanFactory     : Creating shared instance of singleton bean 'org.springframework.boot.autoconfigure.jdbc.JdbcTemplateAutoConfiguration'
2025-04-12T00:10:41.264-03:00 DEBUG 29541 --- [conectapro] [main] o.s.b.f.s.DefaultListableBeanFactory     : Creating shared instance of singleton bean 'org.springframework.boot.autoconfigure.jdbc.JdbcClientAutoConfiguration'
2025-04-12T00:10:41.265-03:00 DEBUG 29541 --- [conectapro] [main] o.s.b.f.s.DefaultListableBeanFactory     : Creating shared instance of singleton bean 'jdbcClient'
2025-04-12T00:10:41.265-03:00 DEBUG 29541 --- [conectapro] [main] o.s.b.f.s.DefaultListableBeanFactory     : Autowiring by type from bean name 'jdbcClient' via factory method to bean named 'namedParameterJdbcTemplate'
2025-04-12T00:10:41.266-03:00 DEBUG 29541 --- [conectapro] [main] o.s.b.f.s.DefaultListableBeanFactory     : Creating shared instance of singleton bean 'org.springframework.boot.autoconfigure.security.servlet.SpringBootWebSecurityConfiguration'
2025-04-12T00:10:41.266-03:00 DEBUG 29541 --- [conectapro] [main] o.s.b.f.s.DefaultListableBeanFactory     : Creating shared instance of singleton bean 'org.springframework.boot.autoconfigure.security.servlet.SecurityAutoConfiguration'
2025-04-12T00:10:41.266-03:00 DEBUG 29541 --- [conectapro] [main] o.s.b.f.s.DefaultListableBeanFactory     : Creating shared instance of singleton bean 'authenticationEventPublisher'
2025-04-12T00:10:41.266-03:00 DEBUG 29541 --- [conectapro] [main] o.s.b.f.s.DefaultListableBeanFactory     : Autowiring by type from bean name 'authenticationEventPublisher' via factory method to bean named 'org.springframework.boot.web.servlet.context.AnnotationConfigServletWebServerApplicationContext@2449cff7'
2025-04-12T00:10:41.269-03:00 DEBUG 29541 --- [conectapro] [main] o.s.b.f.s.DefaultListableBeanFactory     : Creating shared instance of singleton bean 'spring.security-org.springframework.boot.autoconfigure.security.SecurityProperties'
2025-04-12T00:10:41.270-03:00 DEBUG 29541 --- [conectapro] [main] o.s.b.f.s.DefaultListableBeanFactory     : Creating shared instance of singleton bean 'org.springframework.boot.autoconfigure.sql.init.SqlInitializationAutoConfiguration'
2025-04-12T00:10:41.271-03:00 DEBUG 29541 --- [conectapro] [main] o.s.b.f.s.DefaultListableBeanFactory     : Creating shared instance of singleton bean 'org.springframework.boot.autoconfigure.task.TaskSchedulingConfigurations$ThreadPoolTaskSchedulerBuilderConfiguration'
2025-04-12T00:10:41.271-03:00 DEBUG 29541 --- [conectapro] [main] o.s.b.f.s.DefaultListableBeanFactory     : Creating shared instance of singleton bean 'threadPoolTaskSchedulerBuilder'
2025-04-12T00:10:41.271-03:00 DEBUG 29541 --- [conectapro] [main] o.s.b.f.s.DefaultListableBeanFactory     : Creating shared instance of singleton bean 'spring.task.scheduling-org.springframework.boot.autoconfigure.task.TaskSchedulingProperties'
2025-04-12T00:10:41.272-03:00 DEBUG 29541 --- [conectapro] [main] o.s.b.f.s.DefaultListableBeanFactory     : Autowiring by type from bean name 'threadPoolTaskSchedulerBuilder' via factory method to bean named 'spring.task.scheduling-org.springframework.boot.autoconfigure.task.TaskSchedulingProperties'
2025-04-12T00:10:41.273-03:00 DEBUG 29541 --- [conectapro] [main] o.s.b.f.s.DefaultListableBeanFactory     : Creating shared instance of singleton bean 'org.springframework.boot.autoconfigure.task.TaskSchedulingConfigurations$SimpleAsyncTaskSchedulerBuilderConfiguration'
2025-04-12T00:10:41.273-03:00 DEBUG 29541 --- [conectapro] [main] o.s.b.f.s.DefaultListableBeanFactory     : Autowiring by type from bean name 'org.springframework.boot.autoconfigure.task.TaskSchedulingConfigurations$SimpleAsyncTaskSchedulerBuilderConfiguration' via constructor to bean named 'spring.task.scheduling-org.springframework.boot.autoconfigure.task.TaskSchedulingProperties'
2025-04-12T00:10:41.273-03:00 DEBUG 29541 --- [conectapro] [main] o.s.b.f.s.DefaultListableBeanFactory     : Creating shared instance of singleton bean 'simpleAsyncTaskSchedulerBuilder'
2025-04-12T00:10:41.275-03:00 DEBUG 29541 --- [conectapro] [main] o.s.b.f.s.DefaultListableBeanFactory     : Creating shared instance of singleton bean 'org.springframework.boot.autoconfigure.task.TaskSchedulingAutoConfiguration'
2025-04-12T00:10:41.275-03:00 DEBUG 29541 --- [conectapro] [main] o.s.b.f.s.DefaultListableBeanFactory     : Creating shared instance of singleton bean 'org.springframework.boot.autoconfigure.jdbc.DataSourceTransactionManagerAutoConfiguration$JdbcTransactionManagerConfiguration'
2025-04-12T00:10:41.276-03:00 DEBUG 29541 --- [conectapro] [main] o.s.b.f.s.DefaultListableBeanFactory     : Creating shared instance of singleton bean 'org.springframework.boot.autoconfigure.jdbc.DataSourceTransactionManagerAutoConfiguration'
2025-04-12T00:10:41.277-03:00 DEBUG 29541 --- [conectapro] [main] o.s.b.f.s.DefaultListableBeanFactory     : Creating shared instance of singleton bean 'org.springframework.boot.autoconfigure.transaction.TransactionAutoConfiguration$EnableTransactionManagementConfiguration$CglibAutoProxyConfiguration'
2025-04-12T00:10:41.277-03:00 DEBUG 29541 --- [conectapro] [main] o.s.b.f.s.DefaultListableBeanFactory     : Creating shared instance of singleton bean 'org.springframework.boot.autoconfigure.transaction.TransactionAutoConfiguration$EnableTransactionManagementConfiguration'
2025-04-12T00:10:41.277-03:00 DEBUG 29541 --- [conectapro] [main] o.s.b.f.s.DefaultListableBeanFactory     : Creating shared instance of singleton bean 'org.springframework.boot.autoconfigure.transaction.TransactionAutoConfiguration$TransactionTemplateConfiguration'
2025-04-12T00:10:41.277-03:00 DEBUG 29541 --- [conectapro] [main] o.s.b.f.s.DefaultListableBeanFactory     : Creating shared instance of singleton bean 'transactionTemplate'
2025-04-12T00:10:41.277-03:00 DEBUG 29541 --- [conectapro] [main] o.s.b.f.s.DefaultListableBeanFactory     : Autowiring by type from bean name 'transactionTemplate' via factory method to bean named 'transactionManager'
2025-04-12T00:10:41.278-03:00 DEBUG 29541 --- [conectapro] [main] o.s.b.f.s.DefaultListableBeanFactory     : Creating shared instance of singleton bean 'org.springframework.boot.autoconfigure.transaction.TransactionAutoConfiguration'
2025-04-12T00:10:41.278-03:00 DEBUG 29541 --- [conectapro] [main] o.s.b.f.s.DefaultListableBeanFactory     : Creating shared instance of singleton bean 'org.springframework.boot.autoconfigure.web.client.RestClientAutoConfiguration'
2025-04-12T00:10:41.279-03:00 DEBUG 29541 --- [conectapro] [main] o.s.b.f.s.DefaultListableBeanFactory     : Creating shared instance of singleton bean 'httpMessageConvertersRestClientCustomizer'
2025-04-12T00:10:41.279-03:00 DEBUG 29541 --- [conectapro] [main] o.s.b.f.s.DefaultListableBeanFactory     : Creating shared instance of singleton bean 'restClientSsl'
2025-04-12T00:10:41.280-03:00 DEBUG 29541 --- [conectapro] [main] o.s.b.f.s.DefaultListableBeanFactory     : Autowiring by type from bean name 'restClientSsl' via factory method to bean named 'sslBundleRegistry'
2025-04-12T00:10:41.280-03:00 DEBUG 29541 --- [conectapro] [main] o.s.b.f.s.DefaultListableBeanFactory     : Creating shared instance of singleton bean 'restClientBuilderConfigurer'
2025-04-12T00:10:41.281-03:00 DEBUG 29541 --- [conectapro] [main] o.s.b.f.s.DefaultListableBeanFactory     : Creating shared instance of singleton bean 'org.springframework.boot.autoconfigure.web.client.RestTemplateAutoConfiguration'
2025-04-12T00:10:41.281-03:00 DEBUG 29541 --- [conectapro] [main] o.s.b.f.s.DefaultListableBeanFactory     : Creating shared instance of singleton bean 'org.springframework.boot.autoconfigure.web.embedded.EmbeddedWebServerFactoryCustomizerAutoConfiguration'
2025-04-12T00:10:41.281-03:00 DEBUG 29541 --- [conectapro] [main] o.s.b.f.s.DefaultListableBeanFactory     : Creating shared instance of singleton bean 'multipartResolver'
2025-04-12T00:10:41.287-03:00 DEBUG 29541 --- [conectapro] [main] o.s.j.e.a.AnnotationMBeanExporter        : Registering beans for JMX exposure on startup
2025-04-12T00:10:41.287-03:00 DEBUG 29541 --- [conectapro] [main] o.s.j.e.a.AnnotationMBeanExporter        : Auto-detecting user-defined JMX MBeans
2025-04-12T00:10:41.288-03:00 DEBUG 29541 --- [conectapro] [main] o.s.j.e.a.AnnotationMBeanExporter        : Bean with name 'dataSource' has been autodetected for JMX exposure
2025-04-12T00:10:41.291-03:00 DEBUG 29541 --- [conectapro] [main] o.s.j.e.a.AnnotationMBeanExporter        : Located MBean 'dataSource': registering with JMX server as MBean [com.zaxxer.hikari:name=dataSource,type=HikariDataSource]
2025-04-12T00:10:41.294-03:00 DEBUG 29541 --- [conectapro] [main] o.s.c.support.DefaultLifecycleProcessor  : Starting beans in phase -2147483647
2025-04-12T00:10:41.294-03:00 DEBUG 29541 --- [conectapro] [main] o.s.c.support.DefaultLifecycleProcessor  : Successfully started bean 'springBootLoggingLifecycle'
2025-04-12T00:10:41.294-03:00 DEBUG 29541 --- [conectapro] [main] o.s.c.support.DefaultLifecycleProcessor  : Starting beans in phase 1073741823
2025-04-12T00:10:41.294-03:00 DEBUG 29541 --- [conectapro] [main] o.s.c.support.DefaultLifecycleProcessor  : Starting beans in phase 2147481599
2025-04-12T00:10:41.303-03:00  INFO 29541 --- [conectapro] [main] o.s.b.w.embedded.tomcat.TomcatWebServer  : Tomcat started on port 8001 (http) with context path '/app'
2025-04-12T00:10:41.304-03:00 DEBUG 29541 --- [conectapro] [main] o.s.c.support.DefaultLifecycleProcessor  : Successfully started bean 'webServerStartStop'
2025-04-12T00:10:41.304-03:00 DEBUG 29541 --- [conectapro] [main] o.s.c.support.DefaultLifecycleProcessor  : Starting beans in phase 2147482623
2025-04-12T00:10:41.304-03:00 DEBUG 29541 --- [conectapro] [main] o.s.c.support.DefaultLifecycleProcessor  : Successfully started bean 'webServerGracefulShutdown'
2025-04-12T00:10:41.311-03:00 DEBUG 29541 --- [conectapro] [main] .s.b.a.l.ConditionEvaluationReportLogger : 


============================
CONDITIONS EVALUATION REPORT
============================


Positive matches:
-----------------

   AopAutoConfiguration matched:
      - @ConditionalOnProperty (spring.aop.auto=true) matched (OnPropertyCondition)

   AopAutoConfiguration.AspectJAutoProxyingConfiguration matched:
      - @ConditionalOnClass found required class 'org.aspectj.weaver.Advice' (OnClassCondition)

   AopAutoConfiguration.AspectJAutoProxyingConfiguration.CglibAutoProxyConfiguration matched:
      - @ConditionalOnProperty (spring.aop.proxy-target-class=true) matched (OnPropertyCondition)

   ApplicationAvailabilityAutoConfiguration#applicationAvailability matched:
      - @ConditionalOnMissingBean (types: org.springframework.boot.availability.ApplicationAvailability; SearchStrategy: all) did not find any beans (OnBeanCondition)

   DataSourceAutoConfiguration matched:
      - @ConditionalOnClass found required classes 'javax.sql.DataSource', 'org.springframework.jdbc.datasource.embedded.EmbeddedDatabaseType' (OnClassCondition)
      - @ConditionalOnMissingBean (types: io.r2dbc.spi.ConnectionFactory; SearchStrategy: all) did not find any beans (OnBeanCondition)

   DataSourceAutoConfiguration.PooledDataSourceConfiguration matched:
      - AnyNestedCondition 1 matched 1 did not; NestedCondition on DataSourceAutoConfiguration.PooledDataSourceCondition.PooledDataSourceAvailable PooledDataSource found supported DataSource; NestedCondition on DataSourceAutoConfiguration.PooledDataSourceCondition.ExplicitType @ConditionalOnProperty (spring.datasource.type) did not find property 'type' (DataSourceAutoConfiguration.PooledDataSourceCondition)
      - @ConditionalOnMissingBean (types: javax.sql.DataSource,javax.sql.XADataSource; SearchStrategy: all) did not find any beans (OnBeanCondition)

   DataSourceAutoConfiguration.PooledDataSourceConfiguration#jdbcConnectionDetails matched:
      - @ConditionalOnMissingBean (types: org.springframework.boot.autoconfigure.jdbc.JdbcConnectionDetails; SearchStrategy: all) did not find any beans (OnBeanCondition)

   DataSourceConfiguration.Hikari matched:
      - @ConditionalOnClass found required class 'com.zaxxer.hikari.HikariDataSource' (OnClassCondition)
      - @ConditionalOnProperty (spring.datasource.type=com.zaxxer.hikari.HikariDataSource) matched (OnPropertyCondition)
      - @ConditionalOnMissingBean (types: javax.sql.DataSource; SearchStrategy: all) did not find any beans (OnBeanCondition)

   DataSourceInitializationConfiguration matched:
      - @ConditionalOnClass found required class 'org.springframework.jdbc.datasource.init.DatabasePopulator' (OnClassCondition)
      - @ConditionalOnSingleCandidate (types: javax.sql.DataSource; SearchStrategy: all) found a single bean 'dataSource'; @ConditionalOnMissingBean (types: org.springframework.boot.autoconfigure.sql.init.SqlDataSourceScriptDatabaseInitializer,org.springframework.boot.autoconfigure.sql.init.SqlR2dbcScriptDatabaseInitializer; SearchStrategy: all) did not find any beans (OnBeanCondition)

   DataSourceJmxConfiguration matched:
      - @ConditionalOnProperty (spring.jmx.enabled=true) matched (OnPropertyCondition)

   DataSourceJmxConfiguration.Hikari matched:
      - @ConditionalOnClass found required class 'com.zaxxer.hikari.HikariDataSource' (OnClassCondition)
      - @ConditionalOnSingleCandidate (types: javax.sql.DataSource; SearchStrategy: all) found a single bean 'dataSource' (OnBeanCondition)

   DataSourcePoolMetadataProvidersConfiguration.HikariPoolDataSourceMetadataProviderConfiguration matched:
      - @ConditionalOnClass found required class 'com.zaxxer.hikari.HikariDataSource' (OnClassCondition)

   DataSourceTransactionManagerAutoConfiguration matched:
      - @ConditionalOnClass found required classes 'javax.sql.DataSource', 'org.springframework.jdbc.core.JdbcTemplate', 'org.springframework.transaction.TransactionManager' (OnClassCondition)

   DataSourceTransactionManagerAutoConfiguration.JdbcTransactionManagerConfiguration matched:
      - @ConditionalOnSingleCandidate (types: javax.sql.DataSource; SearchStrategy: all) found a single bean 'dataSource' (OnBeanCondition)

   DispatcherServletAutoConfiguration matched:
      - @ConditionalOnClass found required class 'org.springframework.web.servlet.DispatcherServlet' (OnClassCondition)
      - found 'session' scope (OnWebApplicationCondition)

   DispatcherServletAutoConfiguration.DispatcherServletConfiguration matched:
      - @ConditionalOnClass found required class 'jakarta.servlet.ServletRegistration' (OnClassCondition)
      - Default DispatcherServlet did not find dispatcher servlet beans (DispatcherServletAutoConfiguration.DefaultDispatcherServletCondition)

   DispatcherServletAutoConfiguration.DispatcherServletRegistrationConfiguration matched:
      - @ConditionalOnClass found required class 'jakarta.servlet.ServletRegistration' (OnClassCondition)
      - DispatcherServlet Registration did not find servlet registration bean (DispatcherServletAutoConfiguration.DispatcherServletRegistrationCondition)

   DispatcherServletAutoConfiguration.DispatcherServletRegistrationConfiguration#dispatcherServletRegistration matched:
      - @ConditionalOnBean (names: dispatcherServlet types: org.springframework.web.servlet.DispatcherServlet; SearchStrategy: all) found bean 'dispatcherServlet' (OnBeanCondition)

   EmbeddedWebServerFactoryCustomizerAutoConfiguration matched:
      - @ConditionalOnWebApplication (required) found 'session' scope (OnWebApplicationCondition)
      - @ConditionalOnWarDeployment the application is not deployed as a WAR file. (OnWarDeploymentCondition)

   EmbeddedWebServerFactoryCustomizerAutoConfiguration.TomcatWebServerFactoryCustomizerConfiguration matched:
      - @ConditionalOnClass found required classes 'org.apache.catalina.startup.Tomcat', 'org.apache.coyote.UpgradeProtocol' (OnClassCondition)

   ErrorMvcAutoConfiguration matched:
      - @ConditionalOnClass found required classes 'jakarta.servlet.Servlet', 'org.springframework.web.servlet.DispatcherServlet' (OnClassCondition)
      - found 'session' scope (OnWebApplicationCondition)

   ErrorMvcAutoConfiguration#basicErrorController matched:
      - @ConditionalOnMissingBean (types: org.springframework.boot.web.servlet.error.ErrorController; SearchStrategy: current) did not find any beans (OnBeanCondition)

   ErrorMvcAutoConfiguration#errorAttributes matched:
      - @ConditionalOnMissingBean (types: org.springframework.boot.web.servlet.error.ErrorAttributes; SearchStrategy: current) did not find any beans (OnBeanCondition)

   ErrorMvcAutoConfiguration.DefaultErrorViewResolverConfiguration#conventionErrorViewResolver matched:
      - @ConditionalOnBean (types: org.springframework.web.servlet.DispatcherServlet; SearchStrategy: all) found bean 'dispatcherServlet'; @ConditionalOnMissingBean (types: org.springframework.boot.autoconfigure.web.servlet.error.ErrorViewResolver; SearchStrategy: all) did not find any beans (OnBeanCondition)

   ErrorMvcAutoConfiguration.WhitelabelErrorViewConfiguration matched:
      - @ConditionalOnProperty (server.error.whitelabel.enabled) matched (OnPropertyCondition)
      - ErrorTemplate Missing did not find error template view (ErrorMvcAutoConfiguration.ErrorTemplateMissingCondition)

   ErrorMvcAutoConfiguration.WhitelabelErrorViewConfiguration#beanNameViewResolver matched:
      - @ConditionalOnMissingBean (types: org.springframework.web.servlet.view.BeanNameViewResolver; SearchStrategy: all) did not find any beans (OnBeanCondition)

   ErrorMvcAutoConfiguration.WhitelabelErrorViewConfiguration#defaultErrorView matched:
      - @ConditionalOnMissingBean (names: error; SearchStrategy: all) did not find any beans (OnBeanCondition)

   GenericCacheConfiguration matched:
      - Cache org.springframework.boot.autoconfigure.cache.GenericCacheConfiguration automatic cache type (CacheCondition)

   HibernateJpaAutoConfiguration matched:
      - @ConditionalOnClass found required classes 'org.springframework.orm.jpa.LocalContainerEntityManagerFactoryBean', 'jakarta.persistence.EntityManager', 'org.hibernate.engine.spi.SessionImplementor' (OnClassCondition)

   HibernateJpaConfiguration matched:
      - @ConditionalOnSingleCandidate (types: javax.sql.DataSource; SearchStrategy: all) found a single bean 'dataSource' (OnBeanCondition)

   HttpClientAutoConfiguration matched:
      - @ConditionalOnClass found required class 'org.springframework.http.client.ClientHttpRequestFactory' (OnClassCondition)
      - NoneNestedConditions 0 matched 1 did not; NestedCondition on NotReactiveWebApplicationCondition.ReactiveWebApplication did not find reactive web application classes (NotReactiveWebApplicationCondition)

   HttpClientAutoConfiguration#clientHttpRequestFactoryBuilder matched:
      - @ConditionalOnMissingBean (types: org.springframework.boot.http.client.ClientHttpRequestFactoryBuilder; SearchStrategy: all) did not find any beans (OnBeanCondition)

   HttpClientAutoConfiguration#clientHttpRequestFactorySettings matched:
      - @ConditionalOnMissingBean (types: org.springframework.boot.http.client.ClientHttpRequestFactorySettings; SearchStrategy: all) did not find any beans (OnBeanCondition)

   HttpEncodingAutoConfiguration matched:
      - @ConditionalOnClass found required class 'org.springframework.web.filter.CharacterEncodingFilter' (OnClassCondition)
      - found 'session' scope (OnWebApplicationCondition)
      - @ConditionalOnProperty (server.servlet.encoding.enabled) matched (OnPropertyCondition)

   HttpEncodingAutoConfiguration#characterEncodingFilter matched:
      - @ConditionalOnMissingBean (types: org.springframework.web.filter.CharacterEncodingFilter; SearchStrategy: all) did not find any beans (OnBeanCondition)

   HttpMessageConvertersAutoConfiguration matched:
      - @ConditionalOnClass found required class 'org.springframework.http.converter.HttpMessageConverter' (OnClassCondition)
      - NoneNestedConditions 0 matched 1 did not; NestedCondition on HttpMessageConvertersAutoConfiguration.NotReactiveWebApplicationCondition.ReactiveWebApplication did not find reactive web application classes (HttpMessageConvertersAutoConfiguration.NotReactiveWebApplicationCondition)

   HttpMessageConvertersAutoConfiguration#messageConverters matched:
      - @ConditionalOnMissingBean (types: org.springframework.boot.autoconfigure.http.HttpMessageConverters; SearchStrategy: all) did not find any beans (OnBeanCondition)

   HttpMessageConvertersAutoConfiguration.StringHttpMessageConverterConfiguration matched:
      - @ConditionalOnClass found required class 'org.springframework.http.converter.StringHttpMessageConverter' (OnClassCondition)

   HttpMessageConvertersAutoConfiguration.StringHttpMessageConverterConfiguration#stringHttpMessageConverter matched:
      - @ConditionalOnMissingBean (types: org.springframework.http.converter.StringHttpMessageConverter; SearchStrategy: all) did not find any beans (OnBeanCondition)

   JacksonAutoConfiguration matched:
      - @ConditionalOnClass found required class 'com.fasterxml.jackson.databind.ObjectMapper' (OnClassCondition)

   JacksonAutoConfiguration.Jackson2ObjectMapperBuilderCustomizerConfiguration matched:
      - @ConditionalOnClass found required class 'org.springframework.http.converter.json.Jackson2ObjectMapperBuilder' (OnClassCondition)

   JacksonAutoConfiguration.JacksonObjectMapperBuilderConfiguration matched:
      - @ConditionalOnClass found required class 'org.springframework.http.converter.json.Jackson2ObjectMapperBuilder' (OnClassCondition)

   JacksonAutoConfiguration.JacksonObjectMapperBuilderConfiguration#jacksonObjectMapperBuilder matched:
      - @ConditionalOnMissingBean (types: org.springframework.http.converter.json.Jackson2ObjectMapperBuilder; SearchStrategy: all) did not find any beans (OnBeanCondition)

   JacksonAutoConfiguration.JacksonObjectMapperConfiguration matched:
      - @ConditionalOnClass found required class 'org.springframework.http.converter.json.Jackson2ObjectMapperBuilder' (OnClassCondition)

   JacksonAutoConfiguration.JacksonObjectMapperConfiguration#jacksonObjectMapper matched:
      - @ConditionalOnMissingBean (types: com.fasterxml.jackson.databind.ObjectMapper; SearchStrategy: all) did not find any beans (OnBeanCondition)

   JacksonAutoConfiguration.ParameterNamesModuleConfiguration matched:
      - @ConditionalOnClass found required class 'com.fasterxml.jackson.module.paramnames.ParameterNamesModule' (OnClassCondition)

   JacksonAutoConfiguration.ParameterNamesModuleConfiguration#parameterNamesModule matched:
      - @ConditionalOnMissingBean (types: com.fasterxml.jackson.module.paramnames.ParameterNamesModule; SearchStrategy: all) did not find any beans (OnBeanCondition)

   JacksonHttpMessageConvertersConfiguration.MappingJackson2HttpMessageConverterConfiguration matched:
      - @ConditionalOnClass found required class 'com.fasterxml.jackson.databind.ObjectMapper' (OnClassCondition)
      - @ConditionalOnProperty (spring.mvc.converters.preferred-json-mapper=jackson) matched (OnPropertyCondition)
      - @ConditionalOnBean (types: com.fasterxml.jackson.databind.ObjectMapper; SearchStrategy: all) found bean 'jacksonObjectMapper' (OnBeanCondition)

   JacksonHttpMessageConvertersConfiguration.MappingJackson2HttpMessageConverterConfiguration#mappingJackson2HttpMessageConverter matched:
      - @ConditionalOnMissingBean (types: org.springframework.http.converter.json.MappingJackson2HttpMessageConverter ignored: org.springframework.hateoas.server.mvc.TypeConstrainedMappingJackson2HttpMessageConverter,org.springframework.data.rest.webmvc.alps.AlpsJsonHttpMessageConverter; SearchStrategy: all) did not find any beans (OnBeanCondition)

   JdbcClientAutoConfiguration matched:
      - @ConditionalOnSingleCandidate (types: org.springframework.jdbc.core.namedparam.NamedParameterJdbcTemplate; SearchStrategy: all) found a single bean 'namedParameterJdbcTemplate'; @ConditionalOnMissingBean (types: org.springframework.jdbc.core.simple.JdbcClient; SearchStrategy: all) did not find any beans (OnBeanCondition)

   JdbcTemplateAutoConfiguration matched:
      - @ConditionalOnClass found required classes 'javax.sql.DataSource', 'org.springframework.jdbc.core.JdbcTemplate' (OnClassCondition)
      - @ConditionalOnSingleCandidate (types: javax.sql.DataSource; SearchStrategy: all) found a single bean 'dataSource' (OnBeanCondition)

   JdbcTemplateConfiguration matched:
      - @ConditionalOnMissingBean (types: org.springframework.jdbc.core.JdbcOperations; SearchStrategy: all) did not find any beans (OnBeanCondition)

   JmxAutoConfiguration matched:
      - @ConditionalOnClass found required class 'org.springframework.jmx.export.MBeanExporter' (OnClassCondition)
      - @ConditionalOnProperty (spring.jmx.enabled=true) matched (OnPropertyCondition)

   JmxAutoConfiguration#mbeanExporter matched:
      - @ConditionalOnMissingBean (types: org.springframework.jmx.export.MBeanExporter; SearchStrategy: current) did not find any beans (OnBeanCondition)

   JmxAutoConfiguration#mbeanServer matched:
      - @ConditionalOnMissingBean (types: javax.management.MBeanServer; SearchStrategy: all) did not find any beans (OnBeanCondition)

   JmxAutoConfiguration#objectNamingStrategy matched:
      - @ConditionalOnMissingBean (types: org.springframework.jmx.export.naming.ObjectNamingStrategy; SearchStrategy: current) did not find any beans (OnBeanCondition)

   JpaBaseConfiguration#entityManagerFactory matched:
      - @ConditionalOnMissingBean (types: org.springframework.orm.jpa.LocalContainerEntityManagerFactoryBean,jakarta.persistence.EntityManagerFactory; SearchStrategy: all) did not find any beans (OnBeanCondition)

   JpaBaseConfiguration#entityManagerFactoryBuilder matched:
      - @ConditionalOnMissingBean (types: org.springframework.boot.orm.jpa.EntityManagerFactoryBuilder; SearchStrategy: all) did not find any beans (OnBeanCondition)

   JpaBaseConfiguration#jpaVendorAdapter matched:
      - @ConditionalOnMissingBean (types: org.springframework.orm.jpa.JpaVendorAdapter; SearchStrategy: all) did not find any beans (OnBeanCondition)

   JpaBaseConfiguration#transactionManager matched:
      - @ConditionalOnMissingBean (types: org.springframework.transaction.TransactionManager; SearchStrategy: all) did not find any beans (OnBeanCondition)

   JpaBaseConfiguration.JpaWebConfiguration matched:
      - @ConditionalOnClass found required class 'org.springframework.web.servlet.config.annotation.WebMvcConfigurer' (OnClassCondition)
      - found 'session' scope (OnWebApplicationCondition)
      - @ConditionalOnProperty (spring.jpa.open-in-view=true) matched (OnPropertyCondition)
      - @ConditionalOnMissingBean (types: org.springframework.orm.jpa.support.OpenEntityManagerInViewInterceptor,org.springframework.orm.jpa.support.OpenEntityManagerInViewFilter; SearchStrategy: all) did not find any beans (OnBeanCondition)

   JpaBaseConfiguration.PersistenceManagedTypesConfiguration matched:
      - @ConditionalOnMissingBean (types: org.springframework.orm.jpa.LocalContainerEntityManagerFactoryBean,jakarta.persistence.EntityManagerFactory; SearchStrategy: all) did not find any beans (OnBeanCondition)

   JpaBaseConfiguration.PersistenceManagedTypesConfiguration#persistenceManagedTypes matched:
      - @ConditionalOnMissingBean (types: org.springframework.orm.jpa.persistenceunit.PersistenceManagedTypes; SearchStrategy: all) did not find any beans (OnBeanCondition)

   JpaRepositoriesAutoConfiguration matched:
      - @ConditionalOnClass found required class 'org.springframework.data.jpa.repository.JpaRepository' (OnClassCondition)
      - @ConditionalOnProperty (spring.data.jpa.repositories.enabled=true) matched (OnPropertyCondition)
      - @ConditionalOnBean (types: javax.sql.DataSource; SearchStrategy: all) found bean 'dataSource'; @ConditionalOnMissingBean (types: org.springframework.data.jpa.repository.support.JpaRepositoryFactoryBean,org.springframework.data.jpa.repository.config.JpaRepositoryConfigExtension; SearchStrategy: all) did not find any beans (OnBeanCondition)

   JtaAutoConfiguration matched:
      - @ConditionalOnClass found required class 'jakarta.transaction.Transaction' (OnClassCondition)
      - @ConditionalOnProperty (spring.jta.enabled) matched (OnPropertyCondition)

   LifecycleAutoConfiguration#defaultLifecycleProcessor matched:
      - @ConditionalOnMissingBean (names: lifecycleProcessor; SearchStrategy: current) did not find any beans (OnBeanCondition)

   MultipartAutoConfiguration matched:
      - @ConditionalOnClass found required classes 'jakarta.servlet.Servlet', 'org.springframework.web.multipart.support.StandardServletMultipartResolver', 'jakarta.servlet.MultipartConfigElement' (OnClassCondition)
      - found 'session' scope (OnWebApplicationCondition)
      - @ConditionalOnProperty (spring.servlet.multipart.enabled) matched (OnPropertyCondition)

   MultipartAutoConfiguration#multipartConfigElement matched:
      - @ConditionalOnMissingBean (types: jakarta.servlet.MultipartConfigElement; SearchStrategy: all) did not find any beans (OnBeanCondition)

   MultipartAutoConfiguration#multipartResolver matched:
      - @ConditionalOnMissingBean (types: org.springframework.web.multipart.MultipartResolver; SearchStrategy: all) did not find any beans (OnBeanCondition)

   NamedParameterJdbcTemplateConfiguration matched:
      - @ConditionalOnSingleCandidate (types: org.springframework.jdbc.core.JdbcTemplate; SearchStrategy: all) found a single bean 'jdbcTemplate'; @ConditionalOnMissingBean (types: org.springframework.jdbc.core.namedparam.NamedParameterJdbcOperations; SearchStrategy: all) did not find any beans (OnBeanCondition)

   NoOpCacheConfiguration matched:
      - Cache org.springframework.boot.autoconfigure.cache.NoOpCacheConfiguration automatic cache type (CacheCondition)

   PersistenceExceptionTranslationAutoConfiguration matched:
      - @ConditionalOnClass found required class 'org.springframework.dao.annotation.PersistenceExceptionTranslationPostProcessor' (OnClassCondition)

   PersistenceExceptionTranslationAutoConfiguration#persistenceExceptionTranslationPostProcessor matched:
      - @ConditionalOnProperty (spring.dao.exceptiontranslation.enabled) matched (OnPropertyCondition)
      - @ConditionalOnMissingBean (types: org.springframework.dao.annotation.PersistenceExceptionTranslationPostProcessor; SearchStrategy: all) did not find any beans (OnBeanCondition)

   PropertyPlaceholderAutoConfiguration#propertySourcesPlaceholderConfigurer matched:
      - @ConditionalOnMissingBean (types: org.springframework.context.support.PropertySourcesPlaceholderConfigurer; SearchStrategy: current) did not find any beans (OnBeanCondition)

   RestClientAutoConfiguration matched:
      - @ConditionalOnClass found required class 'org.springframework.web.client.RestClient' (OnClassCondition)
      - NoneNestedConditions 0 matched 1 did not; NestedCondition on NotReactiveWebApplicationCondition.ReactiveWebApplication did not find reactive web application classes (NotReactiveWebApplicationCondition)

   RestClientAutoConfiguration#httpMessageConvertersRestClientCustomizer matched:
      - @ConditionalOnMissingBean (types: org.springframework.boot.autoconfigure.web.client.HttpMessageConvertersRestClientCustomizer; SearchStrategy: all) did not find any beans (OnBeanCondition)

   RestClientAutoConfiguration#restClientBuilder matched:
      - @ConditionalOnMissingBean (types: org.springframework.web.client.RestClient$Builder; SearchStrategy: all) did not find any beans (OnBeanCondition)

   RestClientAutoConfiguration#restClientBuilderConfigurer matched:
      - @ConditionalOnMissingBean (types: org.springframework.boot.autoconfigure.web.client.RestClientBuilderConfigurer; SearchStrategy: all) did not find any beans (OnBeanCondition)

   RestClientAutoConfiguration#restClientSsl matched:
      - @ConditionalOnBean (types: org.springframework.boot.ssl.SslBundles; SearchStrategy: all) found bean 'sslBundleRegistry'; @ConditionalOnMissingBean (types: org.springframework.boot.autoconfigure.web.client.RestClientSsl; SearchStrategy: all) did not find any beans (OnBeanCondition)

   RestTemplateAutoConfiguration matched:
      - @ConditionalOnClass found required class 'org.springframework.web.client.RestTemplate' (OnClassCondition)
      - NoneNestedConditions 0 matched 1 did not; NestedCondition on NotReactiveWebApplicationCondition.ReactiveWebApplication did not find reactive web application classes (NotReactiveWebApplicationCondition)

   RestTemplateAutoConfiguration#restTemplateBuilder matched:
      - @ConditionalOnMissingBean (types: org.springframework.boot.web.client.RestTemplateBuilder; SearchStrategy: all) did not find any beans (OnBeanCondition)

   SecurityAutoConfiguration matched:
      - @ConditionalOnClass found required class 'org.springframework.security.authentication.DefaultAuthenticationEventPublisher' (OnClassCondition)

   SecurityAutoConfiguration#authenticationEventPublisher matched:
      - @ConditionalOnMissingBean (types: org.springframework.security.authentication.AuthenticationEventPublisher; SearchStrategy: all) did not find any beans (OnBeanCondition)

   ServletWebServerFactoryAutoConfiguration matched:
      - @ConditionalOnClass found required class 'jakarta.servlet.ServletRequest' (OnClassCondition)
      - found 'session' scope (OnWebApplicationCondition)

   ServletWebServerFactoryAutoConfiguration#tomcatServletWebServerFactoryCustomizer matched:
      - @ConditionalOnClass found required class 'org.apache.catalina.startup.Tomcat' (OnClassCondition)

   ServletWebServerFactoryConfiguration.EmbeddedTomcat matched:
      - @ConditionalOnClass found required classes 'jakarta.servlet.Servlet', 'org.apache.catalina.startup.Tomcat', 'org.apache.coyote.UpgradeProtocol' (OnClassCondition)
      - @ConditionalOnMissingBean (types: org.springframework.boot.web.servlet.server.ServletWebServerFactory; SearchStrategy: current) did not find any beans (OnBeanCondition)

   SimpleCacheConfiguration matched:
      - Cache org.springframework.boot.autoconfigure.cache.SimpleCacheConfiguration automatic cache type (CacheCondition)

   SpringApplicationAdminJmxAutoConfiguration matched:
      - @ConditionalOnProperty (spring.application.admin.enabled=true) matched (OnPropertyCondition)

   SpringApplicationAdminJmxAutoConfiguration#springApplicationAdminRegistrar matched:
      - @ConditionalOnMissingBean (types: org.springframework.boot.admin.SpringApplicationAdminMXBeanRegistrar; SearchStrategy: all) did not find any beans (OnBeanCondition)

   SpringBootWebSecurityConfiguration matched:
      - found 'session' scope (OnWebApplicationCondition)

   SpringDataWebAutoConfiguration matched:
      - @ConditionalOnClass found required classes 'org.springframework.data.web.PageableHandlerMethodArgumentResolver', 'org.springframework.web.servlet.config.annotation.WebMvcConfigurer' (OnClassCondition)
      - found 'session' scope (OnWebApplicationCondition)
      - @ConditionalOnMissingBean (types: org.springframework.data.web.PageableHandlerMethodArgumentResolver; SearchStrategy: all) did not find any beans (OnBeanCondition)

   SpringDataWebAutoConfiguration#pageableCustomizer matched:
      - @ConditionalOnMissingBean (types: org.springframework.data.web.config.PageableHandlerMethodArgumentResolverCustomizer; SearchStrategy: all) did not find any beans (OnBeanCondition)

   SpringDataWebAutoConfiguration#sortCustomizer matched:
      - @ConditionalOnMissingBean (types: org.springframework.data.web.config.SortHandlerMethodArgumentResolverCustomizer; SearchStrategy: all) did not find any beans (OnBeanCondition)

   SpringDataWebAutoConfiguration#springDataWebSettings matched:
      - @ConditionalOnMissingBean (types: org.springframework.data.web.config.SpringDataWebSettings; SearchStrategy: all) did not find any beans (OnBeanCondition)

   SqlInitializationAutoConfiguration matched:
      - @ConditionalOnProperty (spring.sql.init.enabled) matched (OnPropertyCondition)
      - NoneNestedConditions 0 matched 1 did not; NestedCondition on SqlInitializationAutoConfiguration.SqlInitializationModeCondition.ModeIsNever @ConditionalOnProperty (spring.sql.init.mode=never) did not find property 'mode' (SqlInitializationAutoConfiguration.SqlInitializationModeCondition)

   SslAutoConfiguration#sslBundleRegistry matched:
      - @ConditionalOnMissingBean (types: org.springframework.boot.ssl.SslBundleRegistry,org.springframework.boot.ssl.SslBundles; SearchStrategy: all) did not find any beans (OnBeanCondition)

   TaskExecutionAutoConfiguration matched:
      - @ConditionalOnClass found required class 'org.springframework.scheduling.concurrent.ThreadPoolTaskExecutor' (OnClassCondition)

   TaskExecutorConfigurations.SimpleAsyncTaskExecutorBuilderConfiguration#simpleAsyncTaskExecutorBuilder matched:
      - @ConditionalOnMissingBean (types: org.springframework.boot.task.SimpleAsyncTaskExecutorBuilder; SearchStrategy: all) did not find any beans (OnBeanCondition)
      - @ConditionalOnThreading found PLATFORM (OnThreadingCondition)

   TaskExecutorConfigurations.TaskExecutorConfiguration matched:
      - @ConditionalOnMissingBean (types: java.util.concurrent.Executor; SearchStrategy: all) did not find any beans (OnBeanCondition)

   TaskExecutorConfigurations.TaskExecutorConfiguration#applicationTaskExecutor matched:
      - @ConditionalOnThreading found PLATFORM (OnThreadingCondition)

   TaskExecutorConfigurations.ThreadPoolTaskExecutorBuilderConfiguration#threadPoolTaskExecutorBuilder matched:
      - @ConditionalOnMissingBean (types: org.springframework.boot.task.ThreadPoolTaskExecutorBuilder; SearchStrategy: all) did not find any beans (OnBeanCondition)

   TaskSchedulingAutoConfiguration matched:
      - @ConditionalOnClass found required class 'org.springframework.scheduling.concurrent.ThreadPoolTaskScheduler' (OnClassCondition)

   TaskSchedulingConfigurations.SimpleAsyncTaskSchedulerBuilderConfiguration#simpleAsyncTaskSchedulerBuilder matched:
      - @ConditionalOnMissingBean (types: org.springframework.boot.task.SimpleAsyncTaskSchedulerBuilder; SearchStrategy: all) did not find any beans (OnBeanCondition)
      - @ConditionalOnThreading found PLATFORM (OnThreadingCondition)

   TaskSchedulingConfigurations.ThreadPoolTaskSchedulerBuilderConfiguration#threadPoolTaskSchedulerBuilder matched:
      - @ConditionalOnMissingBean (types: org.springframework.boot.task.ThreadPoolTaskSchedulerBuilder; SearchStrategy: all) did not find any beans (OnBeanCondition)

   TransactionAutoConfiguration matched:
      - @ConditionalOnClass found required class 'org.springframework.transaction.PlatformTransactionManager' (OnClassCondition)

   TransactionAutoConfiguration.EnableTransactionManagementConfiguration matched:
      - @ConditionalOnBean (types: org.springframework.transaction.TransactionManager; SearchStrategy: all) found bean 'transactionManager'; @ConditionalOnMissingBean (types: org.springframework.transaction.annotation.AbstractTransactionManagementConfiguration; SearchStrategy: all) did not find any beans (OnBeanCondition)

   TransactionAutoConfiguration.EnableTransactionManagementConfiguration.CglibAutoProxyConfiguration matched:
      - @ConditionalOnProperty (spring.aop.proxy-target-class=true) matched (OnPropertyCondition)

   TransactionAutoConfiguration.TransactionTemplateConfiguration matched:
      - @ConditionalOnSingleCandidate (types: org.springframework.transaction.PlatformTransactionManager; SearchStrategy: all) found a single bean 'transactionManager' (OnBeanCondition)

   TransactionAutoConfiguration.TransactionTemplateConfiguration#transactionTemplate matched:
      - @ConditionalOnMissingBean (types: org.springframework.transaction.support.TransactionOperations; SearchStrategy: all) did not find any beans (OnBeanCondition)

   TransactionManagerCustomizationAutoConfiguration matched:
      - @ConditionalOnClass found required class 'org.springframework.transaction.PlatformTransactionManager' (OnClassCondition)

   TransactionManagerCustomizationAutoConfiguration#platformTransactionManagerCustomizers matched:
      - @ConditionalOnMissingBean (types: org.springframework.boot.autoconfigure.transaction.TransactionManagerCustomizers; SearchStrategy: all) did not find any beans (OnBeanCondition)

   WebMvcAutoConfiguration matched:
      - @ConditionalOnClass found required classes 'jakarta.servlet.Servlet', 'org.springframework.web.servlet.DispatcherServlet', 'org.springframework.web.servlet.config.annotation.WebMvcConfigurer' (OnClassCondition)
      - found 'session' scope (OnWebApplicationCondition)
      - @ConditionalOnMissingBean (types: org.springframework.web.servlet.config.annotation.WebMvcConfigurationSupport; SearchStrategy: all) did not find any beans (OnBeanCondition)

   WebMvcAutoConfiguration#formContentFilter matched:
      - @ConditionalOnProperty (spring.mvc.formcontent.filter.enabled) matched (OnPropertyCondition)
      - @ConditionalOnMissingBean (types: org.springframework.web.filter.FormContentFilter; SearchStrategy: all) did not find any beans (OnBeanCondition)

   WebMvcAutoConfiguration.EnableWebMvcConfiguration#flashMapManager matched:
      - @ConditionalOnMissingBean (names: flashMapManager; SearchStrategy: all) did not find any beans (OnBeanCondition)

   WebMvcAutoConfiguration.EnableWebMvcConfiguration#localeResolver matched:
      - @ConditionalOnMissingBean (names: localeResolver; SearchStrategy: all) did not find any beans (OnBeanCondition)

   WebMvcAutoConfiguration.EnableWebMvcConfiguration#themeResolver matched:
      - @ConditionalOnMissingBean (names: themeResolver; SearchStrategy: all) did not find any beans (OnBeanCondition)

   WebMvcAutoConfiguration.EnableWebMvcConfiguration#viewNameTranslator matched:
      - @ConditionalOnMissingBean (names: viewNameTranslator; SearchStrategy: all) did not find any beans (OnBeanCondition)

   WebMvcAutoConfiguration.WebMvcAutoConfigurationAdapter#defaultViewResolver matched:
      - @ConditionalOnMissingBean (types: org.springframework.web.servlet.view.InternalResourceViewResolver; SearchStrategy: all) did not find any beans (OnBeanCondition)

   WebMvcAutoConfiguration.WebMvcAutoConfigurationAdapter#requestContextFilter matched:
      - @ConditionalOnMissingBean (types: org.springframework.web.context.request.RequestContextListener,org.springframework.web.filter.RequestContextFilter; SearchStrategy: all) did not find any beans (OnBeanCondition)

   WebMvcAutoConfiguration.WebMvcAutoConfigurationAdapter#viewResolver matched:
      - @ConditionalOnBean (types: org.springframework.web.servlet.ViewResolver; SearchStrategy: all) found beans 'defaultViewResolver', 'beanNameViewResolver', 'mvcViewResolver'; @ConditionalOnMissingBean (names: viewResolver types: org.springframework.web.servlet.view.ContentNegotiatingViewResolver; SearchStrategy: all) did not find any beans (OnBeanCondition)

   WebSocketServletAutoConfiguration matched:
      - @ConditionalOnClass found required classes 'jakarta.servlet.Servlet', 'jakarta.websocket.server.ServerContainer' (OnClassCondition)
      - found 'session' scope (OnWebApplicationCondition)

   WebSocketServletAutoConfiguration.TomcatWebSocketConfiguration matched:
      - @ConditionalOnClass found required classes 'org.apache.catalina.startup.Tomcat', 'org.apache.tomcat.websocket.server.WsSci' (OnClassCondition)

   WebSocketServletAutoConfiguration.TomcatWebSocketConfiguration#websocketServletWebServerCustomizer matched:
      - @ConditionalOnMissingBean (names: websocketServletWebServerCustomizer; SearchStrategy: all) did not find any beans (OnBeanCondition)


Negative matches:
-----------------

   ActiveMQAutoConfiguration:
      Did not match:
         - @ConditionalOnClass did not find required class 'jakarta.jms.ConnectionFactory' (OnClassCondition)

   AopAutoConfiguration.AspectJAutoProxyingConfiguration.JdkDynamicAutoProxyConfiguration:
      Did not match:
         - @ConditionalOnProperty (spring.aop.proxy-target-class=false) did not find property 'proxy-target-class' (OnPropertyCondition)

   AopAutoConfiguration.ClassProxyingConfiguration:
      Did not match:
         - @ConditionalOnMissingClass found unwanted class 'org.aspectj.weaver.Advice' (OnClassCondition)

   ArtemisAutoConfiguration:
      Did not match:
         - @ConditionalOnClass did not find required class 'jakarta.jms.ConnectionFactory' (OnClassCondition)

   BatchAutoConfiguration:
      Did not match:
         - @ConditionalOnClass did not find required class 'org.springframework.batch.core.launch.JobLauncher' (OnClassCondition)

   Cache2kCacheConfiguration:
      Did not match:
         - @ConditionalOnClass did not find required class 'org.cache2k.Cache2kBuilder' (OnClassCondition)

   CacheAutoConfiguration:
      Did not match:
         - @ConditionalOnBean (types: org.springframework.cache.interceptor.CacheAspectSupport; SearchStrategy: all) did not find any beans of type org.springframework.cache.interceptor.CacheAspectSupport (OnBeanCondition)
      Matched:
         - @ConditionalOnClass found required class 'org.springframework.cache.CacheManager' (OnClassCondition)

   CacheAutoConfiguration.CacheManagerEntityManagerFactoryDependsOnPostProcessor:
      Did not match:
         - Ancestor org.springframework.boot.autoconfigure.cache.CacheAutoConfiguration did not match (ConditionEvaluationReport.AncestorsMatchedCondition)
      Matched:
         - @ConditionalOnClass found required class 'org.springframework.orm.jpa.LocalContainerEntityManagerFactoryBean' (OnClassCondition)

   CaffeineCacheConfiguration:
      Did not match:
         - @ConditionalOnClass did not find required class 'com.github.benmanes.caffeine.cache.Caffeine' (OnClassCondition)

   CassandraAutoConfiguration:
      Did not match:
         - @ConditionalOnClass did not find required class 'com.datastax.oss.driver.api.core.CqlSession' (OnClassCondition)

   CassandraDataAutoConfiguration:
      Did not match:
         - @ConditionalOnClass did not find required class 'com.datastax.oss.driver.api.core.CqlSession' (OnClassCondition)

   CassandraReactiveDataAutoConfiguration:
      Did not match:
         - @ConditionalOnClass did not find required class 'com.datastax.oss.driver.api.core.CqlSession' (OnClassCondition)

   CassandraReactiveRepositoriesAutoConfiguration:
      Did not match:
         - @ConditionalOnClass did not find required class 'org.springframework.data.cassandra.ReactiveSession' (OnClassCondition)

   CassandraRepositoriesAutoConfiguration:
      Did not match:
         - @ConditionalOnClass did not find required class 'com.datastax.oss.driver.api.core.CqlSession' (OnClassCondition)

   ClientHttpConnectorAutoConfiguration:
      Did not match:
         - @ConditionalOnClass did not find required class 'org.springframework.web.reactive.function.client.WebClient' (OnClassCondition)

   CodecsAutoConfiguration:
      Did not match:
         - @ConditionalOnClass did not find required class 'org.springframework.web.reactive.function.client.WebClient' (OnClassCondition)

   CouchbaseAutoConfiguration:
      Did not match:
         - @ConditionalOnClass did not find required class 'com.couchbase.client.java.Cluster' (OnClassCondition)

   CouchbaseCacheConfiguration:
      Did not match:
         - @ConditionalOnClass did not find required class 'com.couchbase.client.java.Cluster' (OnClassCondition)

   CouchbaseDataAutoConfiguration:
      Did not match:
         - @ConditionalOnClass did not find required class 'com.couchbase.client.java.Bucket' (OnClassCondition)

   CouchbaseReactiveDataAutoConfiguration:
      Did not match:
         - @ConditionalOnClass did not find required class 'com.couchbase.client.java.Cluster' (OnClassCondition)

   CouchbaseReactiveRepositoriesAutoConfiguration:
      Did not match:
         - @ConditionalOnClass did not find required class 'com.couchbase.client.java.Cluster' (OnClassCondition)

   CouchbaseRepositoriesAutoConfiguration:
      Did not match:
         - @ConditionalOnClass did not find required class 'com.couchbase.client.java.Bucket' (OnClassCondition)

   DataSourceAutoConfiguration.EmbeddedDatabaseConfiguration:
      Did not match:
         - EmbeddedDataSource spring.datasource.url is set (DataSourceAutoConfiguration.EmbeddedDatabaseCondition)

   DataSourceCheckpointRestoreConfiguration:
      Did not match:
         - @ConditionalOnClass did not find required class 'org.crac.Resource' (OnClassCondition)

   DataSourceConfiguration.Dbcp2:
      Did not match:
         - @ConditionalOnClass did not find required class 'org.apache.commons.dbcp2.BasicDataSource' (OnClassCondition)

   DataSourceConfiguration.Generic:
      Did not match:
         - @ConditionalOnProperty (spring.datasource.type) did not find property 'spring.datasource.type' (OnPropertyCondition)

   DataSourceConfiguration.OracleUcp:
      Did not match:
         - @ConditionalOnClass did not find required classes 'oracle.ucp.jdbc.PoolDataSourceImpl', 'oracle.jdbc.OracleConnection' (OnClassCondition)

   DataSourceConfiguration.Tomcat:
      Did not match:
         - @ConditionalOnClass did not find required class 'org.apache.tomcat.jdbc.pool.DataSource' (OnClassCondition)

   DataSourceJmxConfiguration.TomcatDataSourceJmxConfiguration:
      Did not match:
         - @ConditionalOnClass did not find required class 'org.apache.tomcat.jdbc.pool.DataSourceProxy' (OnClassCondition)

   DataSourcePoolMetadataProvidersConfiguration.CommonsDbcp2PoolDataSourceMetadataProviderConfiguration:
      Did not match:
         - @ConditionalOnClass did not find required class 'org.apache.commons.dbcp2.BasicDataSource' (OnClassCondition)

   DataSourcePoolMetadataProvidersConfiguration.OracleUcpPoolDataSourceMetadataProviderConfiguration:
      Did not match:
         - @ConditionalOnClass did not find required classes 'oracle.ucp.jdbc.PoolDataSource', 'oracle.jdbc.OracleConnection' (OnClassCondition)

   DataSourcePoolMetadataProvidersConfiguration.TomcatDataSourcePoolMetadataProviderConfiguration:
      Did not match:
         - @ConditionalOnClass did not find required class 'org.apache.tomcat.jdbc.pool.DataSource' (OnClassCondition)

   DataSourceTransactionManagerAutoConfiguration.JdbcTransactionManagerConfiguration#transactionManager:
      Did not match:
         - @ConditionalOnMissingBean (types: org.springframework.transaction.TransactionManager; SearchStrategy: all) found beans of type 'org.springframework.transaction.TransactionManager' transactionManager (OnBeanCondition)

   DispatcherServletAutoConfiguration.DispatcherServletConfiguration#multipartResolver:
      Did not match:
         - @ConditionalOnBean (types: org.springframework.web.multipart.MultipartResolver; SearchStrategy: all) did not find any beans of type org.springframework.web.multipart.MultipartResolver (OnBeanCondition)

   ElasticsearchClientAutoConfiguration:
      Did not match:
         - @ConditionalOnClass did not find required class 'co.elastic.clients.elasticsearch.ElasticsearchClient' (OnClassCondition)

   ElasticsearchDataAutoConfiguration:
      Did not match:
         - @ConditionalOnClass did not find required class 'org.springframework.data.elasticsearch.client.elc.ElasticsearchTemplate' (OnClassCondition)

   ElasticsearchRepositoriesAutoConfiguration:
      Did not match:
         - @ConditionalOnClass did not find required class 'org.springframework.data.elasticsearch.repository.ElasticsearchRepository' (OnClassCondition)

   ElasticsearchRestClientAutoConfiguration:
      Did not match:
         - @ConditionalOnClass did not find required class 'org.elasticsearch.client.RestClientBuilder' (OnClassCondition)

   EmbeddedLdapAutoConfiguration:
      Did not match:
         - @ConditionalOnClass did not find required class 'com.unboundid.ldap.listener.InMemoryDirectoryServer' (OnClassCondition)

   EmbeddedWebServerFactoryCustomizerAutoConfiguration.JettyWebServerFactoryCustomizerConfiguration:
      Did not match:
         - @ConditionalOnClass did not find required classes 'org.eclipse.jetty.server.Server', 'org.eclipse.jetty.util.Loader', 'org.eclipse.jetty.ee10.webapp.WebAppContext' (OnClassCondition)

   EmbeddedWebServerFactoryCustomizerAutoConfiguration.NettyWebServerFactoryCustomizerConfiguration:
      Did not match:
         - @ConditionalOnClass did not find required class 'reactor.netty.http.server.HttpServer' (OnClassCondition)

   EmbeddedWebServerFactoryCustomizerAutoConfiguration.TomcatWebServerFactoryCustomizerConfiguration#tomcatVirtualThreadsProtocolHandlerCustomizer:
      Did not match:
         - @ConditionalOnThreading did not find VIRTUAL (OnThreadingCondition)

   EmbeddedWebServerFactoryCustomizerAutoConfiguration.UndertowWebServerFactoryCustomizerConfiguration:
      Did not match:
         - @ConditionalOnClass did not find required classes 'io.undertow.Undertow', 'org.xnio.SslClientAuthMode' (OnClassCondition)

   ErrorWebFluxAutoConfiguration:
      Did not match:
         - @ConditionalOnClass did not find required class 'org.springframework.web.reactive.config.WebFluxConfigurer' (OnClassCondition)

   FlywayAutoConfiguration:
      Did not match:
         - @ConditionalOnClass did not find required class 'org.flywaydb.core.Flyway' (OnClassCondition)

   FreeMarkerAutoConfiguration:
      Did not match:
         - @ConditionalOnClass did not find required class 'freemarker.template.Configuration' (OnClassCondition)

   GraphQlAutoConfiguration:
      Did not match:
         - @ConditionalOnClass did not find required class 'graphql.GraphQL' (OnClassCondition)

   GraphQlQueryByExampleAutoConfiguration:
      Did not match:
         - @ConditionalOnClass did not find required class 'graphql.GraphQL' (OnClassCondition)

   GraphQlQuerydslAutoConfiguration:
      Did not match:
         - @ConditionalOnClass did not find required class 'com.querydsl.core.Query' (OnClassCondition)

   GraphQlRSocketAutoConfiguration:
      Did not match:
         - @ConditionalOnClass did not find required class 'graphql.GraphQL' (OnClassCondition)

   GraphQlReactiveQueryByExampleAutoConfiguration:
      Did not match:
         - @ConditionalOnClass did not find required class 'graphql.GraphQL' (OnClassCondition)

   GraphQlReactiveQuerydslAutoConfiguration:
      Did not match:
         - @ConditionalOnClass did not find required class 'com.querydsl.core.Query' (OnClassCondition)

   GraphQlWebFluxAutoConfiguration:
      Did not match:
         - @ConditionalOnClass did not find required class 'graphql.GraphQL' (OnClassCondition)

   GraphQlWebFluxSecurityAutoConfiguration:
      Did not match:
         - @ConditionalOnClass did not find required class 'graphql.GraphQL' (OnClassCondition)

   GraphQlWebMvcAutoConfiguration:
      Did not match:
         - @ConditionalOnClass did not find required class 'graphql.GraphQL' (OnClassCondition)

   GraphQlWebMvcSecurityAutoConfiguration:
      Did not match:
         - @ConditionalOnClass did not find required class 'graphql.GraphQL' (OnClassCondition)

   GroovyTemplateAutoConfiguration:
      Did not match:
         - @ConditionalOnClass did not find required class 'groovy.text.markup.MarkupTemplateEngine' (OnClassCondition)

   GsonAutoConfiguration:
      Did not match:
         - @ConditionalOnClass did not find required class 'com.google.gson.Gson' (OnClassCondition)

   GsonHttpMessageConvertersConfiguration:
      Did not match:
         - @ConditionalOnClass did not find required class 'com.google.gson.Gson' (OnClassCondition)

   H2ConsoleAutoConfiguration:
      Did not match:
         - @ConditionalOnClass did not find required class 'org.h2.server.web.JakartaWebServlet' (OnClassCondition)

   HazelcastAutoConfiguration:
      Did not match:
         - @ConditionalOnClass did not find required class 'com.hazelcast.core.HazelcastInstance' (OnClassCondition)

   HazelcastCacheConfiguration:
      Did not match:
         - @ConditionalOnClass did not find required class 'com.hazelcast.core.HazelcastInstance' (OnClassCondition)

   HazelcastJpaDependencyAutoConfiguration:
      Did not match:
         - @ConditionalOnClass did not find required class 'com.hazelcast.core.HazelcastInstance' (OnClassCondition)

   HttpHandlerAutoConfiguration:
      Did not match:
         - @ConditionalOnClass did not find required class 'org.springframework.web.reactive.DispatcherHandler' (OnClassCondition)

   HypermediaAutoConfiguration:
      Did not match:
         - @ConditionalOnClass did not find required class 'org.springframework.hateoas.EntityModel' (OnClassCondition)

   InfinispanCacheConfiguration:
      Did not match:
         - @ConditionalOnClass did not find required class 'org.infinispan.spring.embedded.provider.SpringEmbeddedCacheManager' (OnClassCondition)

   IntegrationAutoConfiguration:
      Did not match:
         - @ConditionalOnClass did not find required class 'org.springframework.integration.config.EnableIntegration' (OnClassCondition)

   JCacheCacheConfiguration:
      Did not match:
         - @ConditionalOnClass did not find required class 'javax.cache.Caching' (OnClassCondition)

   JacksonHttpMessageConvertersConfiguration.MappingJackson2XmlHttpMessageConverterConfiguration:
      Did not match:
         - @ConditionalOnClass did not find required class 'com.fasterxml.jackson.dataformat.xml.XmlMapper' (OnClassCondition)

   JdbcRepositoriesAutoConfiguration:
      Did not match:
         - @ConditionalOnClass did not find required class 'org.springframework.data.jdbc.repository.config.AbstractJdbcConfiguration' (OnClassCondition)

   JerseyAutoConfiguration:
      Did not match:
         - @ConditionalOnClass did not find required class 'org.glassfish.jersey.server.spring.SpringComponentProvider' (OnClassCondition)

   JmsAutoConfiguration:
      Did not match:
         - @ConditionalOnClass did not find required class 'jakarta.jms.Message' (OnClassCondition)

   JndiConnectionFactoryAutoConfiguration:
      Did not match:
         - @ConditionalOnClass did not find required class 'org.springframework.jms.core.JmsTemplate' (OnClassCondition)

   JndiDataSourceAutoConfiguration:
      Did not match:
         - @ConditionalOnProperty (spring.datasource.jndi-name) did not find property 'jndi-name' (OnPropertyCondition)
      Matched:
         - @ConditionalOnClass found required classes 'javax.sql.DataSource', 'org.springframework.jdbc.datasource.embedded.EmbeddedDatabaseType' (OnClassCondition)

   JndiJtaConfiguration:
      Did not match:
         - @ConditionalOnJndi JNDI environment is not available (OnJndiCondition)
      Matched:
         - @ConditionalOnClass found required class 'org.springframework.transaction.jta.JtaTransactionManager' (OnClassCondition)

   JooqAutoConfiguration:
      Did not match:
         - @ConditionalOnClass did not find required class 'org.jooq.DSLContext' (OnClassCondition)

   JpaRepositoriesAutoConfiguration#entityManagerFactoryBootstrapExecutorCustomizer:
      Did not match:
         - AnyNestedCondition 0 matched 2 did not; NestedCondition on JpaRepositoriesAutoConfiguration.BootstrapExecutorCondition.LazyBootstrapMode @ConditionalOnProperty (spring.data.jpa.repositories.bootstrap-mode=lazy) did not find property 'bootstrap-mode'; NestedCondition on JpaRepositoriesAutoConfiguration.BootstrapExecutorCondition.DeferredBootstrapMode @ConditionalOnProperty (spring.data.jpa.repositories.bootstrap-mode=deferred) did not find property 'bootstrap-mode' (JpaRepositoriesAutoConfiguration.BootstrapExecutorCondition)

   JsonbAutoConfiguration:
      Did not match:
         - @ConditionalOnClass did not find required class 'jakarta.json.bind.Jsonb' (OnClassCondition)

   JsonbHttpMessageConvertersConfiguration:
      Did not match:
         - @ConditionalOnClass did not find required class 'jakarta.json.bind.Jsonb' (OnClassCondition)

   KafkaAutoConfiguration:
      Did not match:
         - @ConditionalOnClass did not find required class 'org.springframework.kafka.core.KafkaTemplate' (OnClassCondition)

   LdapAutoConfiguration:
      Did not match:
         - @ConditionalOnClass did not find required class 'org.springframework.ldap.core.ContextSource' (OnClassCondition)

   LdapRepositoriesAutoConfiguration:
      Did not match:
         - @ConditionalOnClass did not find required class 'org.springframework.data.ldap.repository.LdapRepository' (OnClassCondition)

   LiquibaseAutoConfiguration:
      Did not match:
         - @ConditionalOnClass did not find required class 'liquibase.change.DatabaseChange' (OnClassCondition)

   MailSenderAutoConfiguration:
      Did not match:
         - @ConditionalOnClass did not find required class 'jakarta.mail.internet.MimeMessage' (OnClassCondition)

   MailSenderValidatorAutoConfiguration:
      Did not match:
         - @ConditionalOnSingleCandidate did not find required type 'org.springframework.mail.javamail.JavaMailSenderImpl' (OnBeanCondition)

   MessageSourceAutoConfiguration:
      Did not match:
         - ResourceBundle did not find bundle with basename messages (MessageSourceAutoConfiguration.ResourceBundleCondition)

   MongoAutoConfiguration:
      Did not match:
         - @ConditionalOnClass did not find required class 'com.mongodb.client.MongoClient' (OnClassCondition)

   MongoDataAutoConfiguration:
      Did not match:
         - @ConditionalOnClass did not find required class 'com.mongodb.client.MongoClient' (OnClassCondition)

   MongoReactiveAutoConfiguration:
      Did not match:
         - @ConditionalOnClass did not find required class 'com.mongodb.reactivestreams.client.MongoClient' (OnClassCondition)

   MongoReactiveDataAutoConfiguration:
      Did not match:
         - @ConditionalOnClass did not find required class 'com.mongodb.reactivestreams.client.MongoClient' (OnClassCondition)

   MongoReactiveRepositoriesAutoConfiguration:
      Did not match:
         - @ConditionalOnClass did not find required class 'com.mongodb.reactivestreams.client.MongoClient' (OnClassCondition)

   MongoRepositoriesAutoConfiguration:
      Did not match:
         - @ConditionalOnClass did not find required class 'com.mongodb.client.MongoClient' (OnClassCondition)

   MustacheAutoConfiguration:
      Did not match:
         - @ConditionalOnClass did not find required class 'com.samskivert.mustache.Mustache' (OnClassCondition)

   Neo4jAutoConfiguration:
      Did not match:
         - @ConditionalOnClass did not find required class 'org.neo4j.driver.Driver' (OnClassCondition)

   Neo4jDataAutoConfiguration:
      Did not match:
         - @ConditionalOnClass did not find required class 'org.neo4j.driver.Driver' (OnClassCondition)

   Neo4jReactiveDataAutoConfiguration:
      Did not match:
         - @ConditionalOnClass did not find required class 'org.neo4j.driver.Driver' (OnClassCondition)

   Neo4jReactiveRepositoriesAutoConfiguration:
      Did not match:
         - @ConditionalOnClass did not find required class 'org.neo4j.driver.Driver' (OnClassCondition)

   Neo4jRepositoriesAutoConfiguration:
      Did not match:
         - @ConditionalOnClass did not find required class 'org.neo4j.driver.Driver' (OnClassCondition)

   NettyAutoConfiguration:
      Did not match:
         - @ConditionalOnClass did not find required class 'io.netty.util.NettyRuntime' (OnClassCondition)

   OAuth2AuthorizationServerAutoConfiguration:
      Did not match:
         - @ConditionalOnClass did not find required class 'org.springframework.security.oauth2.server.authorization.OAuth2Authorization' (OnClassCondition)

   OAuth2AuthorizationServerJwtAutoConfiguration:
      Did not match:
         - @ConditionalOnClass did not find required class 'org.springframework.security.oauth2.server.authorization.OAuth2Authorization' (OnClassCondition)

   OAuth2ClientAutoConfiguration:
      Did not match:
         - @ConditionalOnClass did not find required class 'org.springframework.security.config.annotation.web.configuration.EnableWebSecurity' (OnClassCondition)

   OAuth2ResourceServerAutoConfiguration:
      Did not match:
         - @ConditionalOnClass did not find required class 'org.springframework.security.oauth2.server.resource.authentication.BearerTokenAuthenticationToken' (OnClassCondition)

   ProjectInfoAutoConfiguration#buildProperties:
      Did not match:
         - @ConditionalOnResource did not find resource '${spring.info.build.location:classpath:META-INF/build-info.properties}' (OnResourceCondition)

   ProjectInfoAutoConfiguration#gitProperties:
      Did not match:
         - GitResource did not find git info at classpath:git.properties (ProjectInfoAutoConfiguration.GitResourceAvailableCondition)

   PulsarAutoConfiguration:
      Did not match:
         - @ConditionalOnClass did not find required class 'org.apache.pulsar.client.api.PulsarClient' (OnClassCondition)

   PulsarReactiveAutoConfiguration:
      Did not match:
         - @ConditionalOnClass did not find required class 'org.apache.pulsar.client.api.PulsarClient' (OnClassCondition)

   QuartzAutoConfiguration:
      Did not match:
         - @ConditionalOnClass did not find required class 'org.quartz.Scheduler' (OnClassCondition)

   R2dbcAutoConfiguration:
      Did not match:
         - @ConditionalOnClass did not find required class 'io.r2dbc.spi.ConnectionFactory' (OnClassCondition)

   R2dbcDataAutoConfiguration:
      Did not match:
         - @ConditionalOnClass did not find required class 'org.springframework.data.r2dbc.core.R2dbcEntityTemplate' (OnClassCondition)

   R2dbcInitializationConfiguration:
      Did not match:
         - @ConditionalOnClass did not find required classes 'io.r2dbc.spi.ConnectionFactory', 'org.springframework.r2dbc.connection.init.DatabasePopulator' (OnClassCondition)

   R2dbcProxyAutoConfiguration:
      Did not match:
         - @ConditionalOnClass did not find required class 'io.r2dbc.proxy.ProxyConnectionFactory' (OnClassCondition)

   R2dbcRepositoriesAutoConfiguration:
      Did not match:
         - @ConditionalOnClass did not find required class 'io.r2dbc.spi.ConnectionFactory' (OnClassCondition)

   R2dbcTransactionManagerAutoConfiguration:
      Did not match:
         - @ConditionalOnClass did not find required class 'org.springframework.r2dbc.connection.R2dbcTransactionManager' (OnClassCondition)

   RSocketGraphQlClientAutoConfiguration:
      Did not match:
         - @ConditionalOnClass did not find required class 'graphql.GraphQL' (OnClassCondition)

   RSocketMessagingAutoConfiguration:
      Did not match:
         - @ConditionalOnClass did not find required class 'io.rsocket.RSocket' (OnClassCondition)

   RSocketRequesterAutoConfiguration:
      Did not match:
         - @ConditionalOnClass did not find required class 'io.rsocket.RSocket' (OnClassCondition)

   RSocketSecurityAutoConfiguration:
      Did not match:
         - @ConditionalOnClass did not find required class 'org.springframework.security.rsocket.core.SecuritySocketAcceptorInterceptor' (OnClassCondition)

   RSocketServerAutoConfiguration:
      Did not match:
         - @ConditionalOnClass did not find required class 'io.rsocket.core.RSocketServer' (OnClassCondition)

   RSocketStrategiesAutoConfiguration:
      Did not match:
         - @ConditionalOnClass did not find required class 'io.netty.buffer.PooledByteBufAllocator' (OnClassCondition)

   RabbitAutoConfiguration:
      Did not match:
         - @ConditionalOnClass did not find required class 'com.rabbitmq.client.Channel' (OnClassCondition)

   ReactiveElasticsearchClientAutoConfiguration:
      Did not match:
         - @ConditionalOnClass did not find required class 'co.elastic.clients.transport.ElasticsearchTransport' (OnClassCondition)

   ReactiveElasticsearchRepositoriesAutoConfiguration:
      Did not match:
         - @ConditionalOnClass did not find required class 'reactor.core.publisher.Mono' (OnClassCondition)

   ReactiveMultipartAutoConfiguration:
      Did not match:
         - @ConditionalOnClass did not find required class 'org.springframework.web.reactive.config.WebFluxConfigurer' (OnClassCondition)

   ReactiveOAuth2ClientAutoConfiguration:
      Did not match:
         - @ConditionalOnClass did not find required class 'reactor.core.publisher.Flux' (OnClassCondition)

   ReactiveOAuth2ResourceServerAutoConfiguration:
      Did not match:
         - @ConditionalOnClass did not find required class 'org.springframework.security.config.annotation.web.reactive.EnableWebFluxSecurity' (OnClassCondition)

   ReactiveSecurityAutoConfiguration:
      Did not match:
         - @ConditionalOnClass did not find required class 'reactor.core.publisher.Flux' (OnClassCondition)

   ReactiveUserDetailsServiceAutoConfiguration:
      Did not match:
         - AnyNestedCondition 0 matched 2 did not; NestedCondition on ReactiveUserDetailsServiceAutoConfiguration.RSocketEnabledOrReactiveWebApplication.ReactiveWebApplicationCondition did not find reactive web application classes; NestedCondition on ReactiveUserDetailsServiceAutoConfiguration.RSocketEnabledOrReactiveWebApplication.RSocketSecurityEnabledCondition @ConditionalOnBean (types: org.springframework.messaging.rsocket.annotation.support.RSocketMessageHandler; SearchStrategy: all) did not find any beans of type org.springframework.messaging.rsocket.annotation.support.RSocketMessageHandler (ReactiveUserDetailsServiceAutoConfiguration.RSocketEnabledOrReactiveWebApplication)
      Matched:
         - @ConditionalOnClass found required class 'org.springframework.security.authentication.ReactiveAuthenticationManager' (OnClassCondition)
         - AnyNestedCondition 1 matched 2 did not; NestedCondition on ReactiveUserDetailsServiceAutoConfiguration.MissingAlternativeOrUserPropertiesConfigured.PasswordConfigured @ConditionalOnProperty (spring.security.user.password) did not find property 'password'; NestedCondition on ReactiveUserDetailsServiceAutoConfiguration.MissingAlternativeOrUserPropertiesConfigured.NameConfigured @ConditionalOnProperty (spring.security.user.name) did not find property 'name'; NestedCondition on ReactiveUserDetailsServiceAutoConfiguration.MissingAlternativeOrUserPropertiesConfigured.MissingAlternative @ConditionalOnMissingClass did not find unwanted classes 'org.springframework.security.oauth2.client.registration.ClientRegistrationRepository', 'org.springframework.security.oauth2.server.resource.introspection.ReactiveOpaqueTokenIntrospector' (ReactiveUserDetailsServiceAutoConfiguration.MissingAlternativeOrUserPropertiesConfigured)

   ReactiveWebServerFactoryAutoConfiguration:
      Did not match:
         - @ConditionalOnWebApplication did not find reactive web application classes (OnWebApplicationCondition)

   ReactorAutoConfiguration:
      Did not match:
         - @ConditionalOnClass did not find required class 'reactor.core.publisher.Hooks' (OnClassCondition)

   RedisAutoConfiguration:
      Did not match:
         - @ConditionalOnClass did not find required class 'org.springframework.data.redis.core.RedisOperations' (OnClassCondition)

   RedisCacheConfiguration:
      Did not match:
         - @ConditionalOnClass did not find required class 'org.springframework.data.redis.connection.RedisConnectionFactory' (OnClassCondition)

   RedisReactiveAutoConfiguration:
      Did not match:
         - @ConditionalOnClass did not find required class 'reactor.core.publisher.Flux' (OnClassCondition)

   RedisRepositoriesAutoConfiguration:
      Did not match:
         - @ConditionalOnClass did not find required class 'org.springframework.data.redis.repository.configuration.EnableRedisRepositories' (OnClassCondition)

   RepositoryRestMvcAutoConfiguration:
      Did not match:
         - @ConditionalOnClass did not find required class 'org.springframework.data.rest.webmvc.config.RepositoryRestMvcConfiguration' (OnClassCondition)

   Saml2RelyingPartyAutoConfiguration:
      Did not match:
         - @ConditionalOnClass did not find required class 'org.springframework.security.saml2.provider.service.registration.RelyingPartyRegistrationRepository' (OnClassCondition)

   SecurityDataConfiguration:
      Did not match:
         - @ConditionalOnClass did not find required class 'org.springframework.security.data.repository.query.SecurityEvaluationContextExtension' (OnClassCondition)

   SecurityFilterAutoConfiguration:
      Did not match:
         - @ConditionalOnClass did not find required class 'org.springframework.security.config.http.SessionCreationPolicy' (OnClassCondition)

   SendGridAutoConfiguration:
      Did not match:
         - @ConditionalOnClass did not find required class 'com.sendgrid.SendGrid' (OnClassCondition)

   ServletWebServerFactoryAutoConfiguration.ForwardedHeaderFilterConfiguration:
      Did not match:
         - @ConditionalOnProperty (server.forward-headers-strategy=framework) did not find property 'server.forward-headers-strategy' (OnPropertyCondition)

   ServletWebServerFactoryConfiguration.EmbeddedJetty:
      Did not match:
         - @ConditionalOnClass did not find required classes 'org.eclipse.jetty.server.Server', 'org.eclipse.jetty.util.Loader', 'org.eclipse.jetty.ee10.webapp.WebAppContext' (OnClassCondition)

   ServletWebServerFactoryConfiguration.EmbeddedUndertow:
      Did not match:
         - @ConditionalOnClass did not find required classes 'io.undertow.Undertow', 'org.xnio.SslClientAuthMode' (OnClassCondition)

   SessionAutoConfiguration:
      Did not match:
         - @ConditionalOnClass did not find required class 'org.springframework.session.Session' (OnClassCondition)

   SpringBootWebSecurityConfiguration.SecurityFilterChainConfiguration:
      Did not match:
         - AllNestedConditions 1 matched 1 did not; NestedCondition on DefaultWebSecurityCondition.Beans @ConditionalOnMissingBean (types: org.springframework.security.web.SecurityFilterChain; SearchStrategy: all) did not find any beans; NestedCondition on DefaultWebSecurityCondition.Classes @ConditionalOnClass did not find required classes 'org.springframework.security.web.SecurityFilterChain', 'org.springframework.security.config.annotation.web.builders.HttpSecurity' (DefaultWebSecurityCondition)

   SpringBootWebSecurityConfiguration.WebSecurityEnablerConfiguration:
      Did not match:
         - @ConditionalOnClass did not find required class 'org.springframework.security.config.annotation.web.configuration.EnableWebSecurity' (OnClassCondition)

   TaskExecutorConfigurations.SimpleAsyncTaskExecutorBuilderConfiguration#simpleAsyncTaskExecutorBuilderVirtualThreads:
      Did not match:
         - @ConditionalOnMissingBean (types: org.springframework.boot.task.SimpleAsyncTaskExecutorBuilder; SearchStrategy: all) found beans of type 'org.springframework.boot.task.SimpleAsyncTaskExecutorBuilder' simpleAsyncTaskExecutorBuilder (OnBeanCondition)

   TaskExecutorConfigurations.TaskExecutorConfiguration#applicationTaskExecutorVirtualThreads:
      Did not match:
         - @ConditionalOnThreading did not find VIRTUAL (OnThreadingCondition)

   TaskSchedulingAutoConfiguration#scheduledBeanLazyInitializationExcludeFilter:
      Did not match:
         - @ConditionalOnBean (names: org.springframework.context.annotation.internalScheduledAnnotationProcessor; SearchStrategy: all) did not find any beans named org.springframework.context.annotation.internalScheduledAnnotationProcessor (OnBeanCondition)

   TaskSchedulingConfigurations.SimpleAsyncTaskSchedulerBuilderConfiguration#simpleAsyncTaskSchedulerBuilderVirtualThreads:
      Did not match:
         - @ConditionalOnMissingBean (types: org.springframework.boot.task.SimpleAsyncTaskSchedulerBuilder; SearchStrategy: all) found beans of type 'org.springframework.boot.task.SimpleAsyncTaskSchedulerBuilder' simpleAsyncTaskSchedulerBuilder (OnBeanCondition)

   TaskSchedulingConfigurations.TaskSchedulerConfiguration:
      Did not match:
         - @ConditionalOnBean (names: org.springframework.context.annotation.internalScheduledAnnotationProcessor; SearchStrategy: all) did not find any beans named org.springframework.context.annotation.internalScheduledAnnotationProcessor (OnBeanCondition)

   ThymeleafAutoConfiguration:
      Did not match:
         - @ConditionalOnClass did not find required class 'org.thymeleaf.spring6.SpringTemplateEngine' (OnClassCondition)

   TransactionAutoConfiguration#transactionalOperator:
      Did not match:
         - @ConditionalOnSingleCandidate (types: org.springframework.transaction.ReactiveTransactionManager; SearchStrategy: all) did not find any beans (OnBeanCondition)

   TransactionAutoConfiguration.AspectJTransactionManagementConfiguration:
      Did not match:
         - @ConditionalOnBean (types: org.springframework.transaction.aspectj.AbstractTransactionAspect; SearchStrategy: all) did not find any beans of type org.springframework.transaction.aspectj.AbstractTransactionAspect (OnBeanCondition)

   TransactionAutoConfiguration.EnableTransactionManagementConfiguration.JdkDynamicAutoProxyConfiguration:
      Did not match:
         - @ConditionalOnProperty (spring.aop.proxy-target-class=false) did not find property 'proxy-target-class' (OnPropertyCondition)

   UserDetailsServiceAutoConfiguration:
      Did not match:
         - @ConditionalOnBean did not find required type 'org.springframework.security.config.ObjectPostProcessor' (OnBeanCondition)

   ValidationAutoConfiguration:
      Did not match:
         - @ConditionalOnClass did not find required class 'jakarta.validation.executable.ExecutableValidator' (OnClassCondition)

   WebClientAutoConfiguration:
      Did not match:
         - @ConditionalOnClass did not find required class 'org.springframework.web.reactive.function.client.WebClient' (OnClassCondition)

   WebFluxAutoConfiguration:
      Did not match:
         - @ConditionalOnClass did not find required class 'org.springframework.web.reactive.config.WebFluxConfigurer' (OnClassCondition)

   WebMvcAutoConfiguration#hiddenHttpMethodFilter:
      Did not match:
         - @ConditionalOnProperty (spring.mvc.hiddenmethod.filter.enabled) did not find property 'enabled' (OnPropertyCondition)

   WebMvcAutoConfiguration.ProblemDetailsErrorHandlingConfiguration:
      Did not match:
         - @ConditionalOnProperty (spring.mvc.problemdetails.enabled=true) did not find property 'enabled' (OnPropertyCondition)

   WebMvcAutoConfiguration.ResourceChainCustomizerConfiguration:
      Did not match:
         - @ConditionalOnEnabledResourceChain did not find class org.webjars.WebJarVersionLocator (OnEnabledResourceChainCondition)

   WebMvcAutoConfiguration.WebMvcAutoConfigurationAdapter#beanNameViewResolver:
      Did not match:
         - @ConditionalOnMissingBean (types: org.springframework.web.servlet.view.BeanNameViewResolver; SearchStrategy: all) found beans of type 'org.springframework.web.servlet.view.BeanNameViewResolver' beanNameViewResolver (OnBeanCondition)

   WebServiceTemplateAutoConfiguration:
      Did not match:
         - @ConditionalOnClass did not find required class 'org.springframework.oxm.Marshaller' (OnClassCondition)

   WebServicesAutoConfiguration:
      Did not match:
         - @ConditionalOnClass did not find required class 'org.springframework.ws.transport.http.MessageDispatcherServlet' (OnClassCondition)

   WebSessionIdResolverAutoConfiguration:
      Did not match:
         - @ConditionalOnClass did not find required class 'reactor.core.publisher.Mono' (OnClassCondition)

   WebSocketMessagingAutoConfiguration:
      Did not match:
         - @ConditionalOnClass did not find required class 'org.springframework.web.socket.config.annotation.WebSocketMessageBrokerConfigurer' (OnClassCondition)

   WebSocketReactiveAutoConfiguration:
      Did not match:
         - @ConditionalOnWebApplication did not find reactive web application classes (OnWebApplicationCondition)

   WebSocketServletAutoConfiguration.JettyWebSocketConfiguration:
      Did not match:
         - @ConditionalOnClass did not find required class 'org.eclipse.jetty.ee10.websocket.jakarta.server.config.JakartaWebSocketServletContainerInitializer' (OnClassCondition)

   WebSocketServletAutoConfiguration.UndertowWebSocketConfiguration:
      Did not match:
         - @ConditionalOnClass did not find required class 'io.undertow.websockets.jsr.Bootstrap' (OnClassCondition)

   XADataSourceAutoConfiguration:
      Did not match:
         - @ConditionalOnBean (types: org.springframework.boot.jdbc.XADataSourceWrapper; SearchStrategy: all) did not find any beans of type org.springframework.boot.jdbc.XADataSourceWrapper (OnBeanCondition)
      Matched:
         - @ConditionalOnClass found required classes 'javax.sql.DataSource', 'jakarta.transaction.TransactionManager', 'org.springframework.jdbc.datasource.embedded.EmbeddedDatabaseType' (OnClassCondition)


Exclusions:
-----------

    None


Unconditional classes:
----------------------

    org.springframework.boot.autoconfigure.context.ConfigurationPropertiesAutoConfiguration

    org.springframework.boot.autoconfigure.ssl.SslAutoConfiguration

    org.springframework.boot.autoconfigure.context.LifecycleAutoConfiguration

    org.springframework.boot.autoconfigure.context.PropertyPlaceholderAutoConfiguration

    org.springframework.boot.autoconfigure.availability.ApplicationAvailabilityAutoConfiguration

    org.springframework.boot.autoconfigure.info.ProjectInfoAutoConfiguration



2025-04-12T00:10:41.312-03:00  INFO 29541 --- [conectapro] [main] c.c.conectapro.ConectaproApplication     : Started ConectaproApplication in 3.014 seconds (process running for 3.486)
2025-04-12T00:10:41.313-03:00 DEBUG 29541 --- [conectapro] [main] o.s.b.a.ApplicationAvailabilityBean      : Application availability state LivenessState changed to CORRECT
2025-04-12T00:10:41.314-03:00 DEBUG 29541 --- [conectapro] [main] o.s.b.a.ApplicationAvailabilityBean      : Application availability state ReadinessState changed to ACCEPTING_TRAFFIC
2025-04-12T00:10:41.469-03:00 DEBUG 29541 --- [conectapro] [RMI TCP Connection(2)-127.0.0.1] sun.rmi.transport.tcp                    : RMI TCP Connection(2)-127.0.0.1: (port 36697) op = 82
2025-04-12T00:10:41.469-03:00 DEBUG 29541 --- [conectapro] [RMI TCP Connection(2)-127.0.0.1] sun.rmi.transport.tcp                    : RMI TCP Connection(2)-127.0.0.1: (port 36697) op = 80
2025-04-12T00:10:41.470-03:00 DEBUG 29541 --- [conectapro] [RMI TCP Connection(2)-127.0.0.1] sun.rmi.loader                           : RMI TCP Connection(2)-127.0.0.1: name = "javax.management.ObjectName", codebase = ""
2025-04-12T00:10:41.470-03:00 DEBUG 29541 --- [conectapro] [RMI TCP Connection(2)-127.0.0.1] javax.management.remote.rmi              : connectionId=rmi://127.0.0.1  1, name=org.springframework.boot:type=Admin,name=SpringApplication, attribute=Ready
2025-04-12T00:10:48.498-03:00 DEBUG 29541 --- [conectapro] [http-nio-8001-exec-1] o.a.c.a.jaspic.AuthConfigFactoryImpl     : Loading persistent provider registrations from [/tmp/tomcat.8001.15098814047904903939/conf/jaspic-providers.xml]
2025-04-12T00:10:48.499-03:00  INFO 29541 --- [conectapro] [http-nio-8001-exec-1] o.a.c.c.C.[Tomcat].[localhost].[/app]    : Initializing Spring DispatcherServlet 'dispatcherServlet'
2025-04-12T00:10:48.500-03:00  INFO 29541 --- [conectapro] [http-nio-8001-exec-1] o.s.web.servlet.DispatcherServlet        : Initializing Servlet 'dispatcherServlet'
2025-04-12T00:10:48.500-03:00 DEBUG 29541 --- [conectapro] [http-nio-8001-exec-1] o.s.web.servlet.DispatcherServlet        : Detected StandardServletMultipartResolver
2025-04-12T00:10:48.500-03:00 DEBUG 29541 --- [conectapro] [http-nio-8001-exec-1] o.s.web.servlet.DispatcherServlet        : Detected AcceptHeaderLocaleResolver
2025-04-12T00:10:48.500-03:00 DEBUG 29541 --- [conectapro] [http-nio-8001-exec-1] o.s.web.servlet.DispatcherServlet        : Detected FixedThemeResolver
2025-04-12T00:10:48.500-03:00 DEBUG 29541 --- [conectapro] [http-nio-8001-exec-1] o.s.web.servlet.DispatcherServlet        : Detected org.springframework.web.servlet.view.DefaultRequestToViewNameTranslator@757f47f0
2025-04-12T00:10:48.501-03:00 DEBUG 29541 --- [conectapro] [http-nio-8001-exec-1] o.s.web.servlet.DispatcherServlet        : Detected org.springframework.web.servlet.support.SessionFlashMapManager@5e75cf7a
2025-04-12T00:10:48.501-03:00 DEBUG 29541 --- [conectapro] [http-nio-8001-exec-1] o.s.web.servlet.DispatcherServlet        : enableLoggingRequestDetails='false': request parameters and headers will be masked to prevent unsafe logging of potentially sensitive data
2025-04-12T00:10:48.501-03:00  INFO 29541 --- [conectapro] [http-nio-8001-exec-1] o.s.web.servlet.DispatcherServlet        : Completed initialization in 1 ms
2025-04-12T00:10:48.506-03:00 DEBUG 29541 --- [conectapro] [http-nio-8001-exec-1] o.s.web.servlet.DispatcherServlet        : GET "/app/api/teste", parameters={}
2025-04-12T00:10:48.513-03:00 DEBUG 29541 --- [conectapro] [http-nio-8001-exec-1] s.w.s.m.m.a.RequestMappingHandlerMapping : Mapped to com.conectapro.conectapro.controller.LoginController#teste()
2025-04-12T00:10:48.515-03:00 DEBUG 29541 --- [conectapro] [http-nio-8001-exec-1] o.j.s.OpenEntityManagerInViewInterceptor : Opening JPA EntityManager in OpenEntityManagerInViewInterceptor
2025-04-12T00:10:48.523-03:00 DEBUG 29541 --- [conectapro] [http-nio-8001-exec-1] c.c.c.controller.LoginController         : Mensagem de Teste...
2025-04-12T00:10:48.553-03:00 DEBUG 29541 --- [conectapro] [http-nio-8001-exec-1] o.s.w.s.m.m.a.HttpEntityMethodProcessor  : Using 'application/json', given [*/*] and supported [application/json, application/*+json]
2025-04-12T00:10:48.554-03:00 DEBUG 29541 --- [conectapro] [http-nio-8001-exec-1] o.s.w.s.m.m.a.HttpEntityMethodProcessor  : Writing [com.conectapro.conectapro.DTO.ResponseDTO@12e4c00]
2025-04-12T00:10:48.563-03:00 DEBUG 29541 --- [conectapro] [http-nio-8001-exec-1] o.j.s.OpenEntityManagerInViewInterceptor : Closing JPA EntityManager in OpenEntityManagerInViewInterceptor
2025-04-12T00:10:48.563-03:00 DEBUG 29541 --- [conectapro] [http-nio-8001-exec-1] o.s.web.servlet.DispatcherServlet        : Completed 200 OK
2025-04-12T00:10:54.877-03:00 DEBUG 29541 --- [conectapro] [RMI TCP Connection(1)-127.0.0.1] sun.rmi.transport.tcp                    : RMI TCP Connection(1)-127.0.0.1: (port 32891) op = 82
2025-04-12T00:10:54.877-03:00 DEBUG 29541 --- [conectapro] [RMI TCP Connection(1)-127.0.0.1] sun.rmi.transport.tcp                    : RMI TCP Connection(1)-127.0.0.1: (port 32891) op = 80
2025-04-12T00:10:54.879-03:00 DEBUG 29541 --- [conectapro] [RMI TCP Connection(1)-127.0.0.1] sun.rmi.transport.tcp                    : RMI TCP Connection(1)-127.0.0.1: (port 32891) op = 82
2025-04-12T00:10:54.879-03:00 DEBUG 29541 --- [conectapro] [RMI TCP Connection(1)-127.0.0.1] sun.rmi.transport.tcp                    : RMI TCP Connection(1)-127.0.0.1: (port 32891) op = 84
2025-04-12T00:10:54.879-03:00 DEBUG 29541 --- [conectapro] [RMI TCP Connection(2)-127.0.0.1] sun.rmi.transport.tcp                    : RMI TCP Connection(2)-127.0.0.1: (port 36697) op = 82
2025-04-12T00:10:54.879-03:00 DEBUG 29541 --- [conectapro] [RMI TCP Connection(2)-127.0.0.1] sun.rmi.transport.tcp                    : RMI TCP Connection(2)-127.0.0.1: (port 36697) op = 80
2025-04-12T00:10:54.880-03:00 DEBUG 29541 --- [conectapro] [RMI TCP Connection(2)-127.0.0.1] sun.rmi.transport.tcp                    : RMI TCP Connection(2)-127.0.0.1: (port 36697) op = 82
2025-04-12T00:10:54.881-03:00 DEBUG 29541 --- [conectapro] [RMI TCP Connection(2)-127.0.0.1] sun.rmi.transport.tcp                    : RMI TCP Connection(2)-127.0.0.1: (port 36697) op = 80
2025-04-12T00:10:54.881-03:00 DEBUG 29541 --- [conectapro] [RMI TCP Connection(2)-127.0.0.1] sun.rmi.loader                           : RMI TCP Connection(2)-127.0.0.1: name = "[Ljava.rmi.server.ObjID;", codebase = "", defaultLoader = jdk.internal.loader.ClassLoaders$PlatformClassLoader@124a0282
2025-04-12T00:10:54.881-03:00 DEBUG 29541 --- [conectapro] [RMI TCP Connection(2)-127.0.0.1] sun.rmi.loader                           : RMI TCP Connection(2)-127.0.0.1: name = "java.rmi.server.ObjID", codebase = "", defaultLoader = jdk.internal.loader.ClassLoaders$PlatformClassLoader@124a0282
2025-04-12T00:10:54.882-03:00 DEBUG 29541 --- [conectapro] [RMI TCP Connection(2)-127.0.0.1] sun.rmi.loader                           : RMI TCP Connection(2)-127.0.0.1: name = "java.rmi.server.UID", codebase = "", defaultLoader = jdk.internal.loader.ClassLoaders$PlatformClassLoader@124a0282
2025-04-12T00:10:54.882-03:00 DEBUG 29541 --- [conectapro] [RMI TCP Connection(2)-127.0.0.1] sun.rmi.loader                           : RMI TCP Connection(2)-127.0.0.1: name = "java.rmi.dgc.Lease", codebase = "", defaultLoader = jdk.internal.loader.ClassLoaders$PlatformClassLoader@124a0282
2025-04-12T00:10:54.882-03:00 DEBUG 29541 --- [conectapro] [RMI TCP Connection(2)-127.0.0.1] sun.rmi.loader                           : RMI TCP Connection(2)-127.0.0.1: name = "java.rmi.dgc.VMID", codebase = "", defaultLoader = jdk.internal.loader.ClassLoaders$PlatformClassLoader@124a0282
2025-04-12T00:10:54.882-03:00 DEBUG 29541 --- [conectapro] [RMI TCP Connection(2)-127.0.0.1] sun.rmi.loader                           : RMI TCP Connection(2)-127.0.0.1: name = "[B", codebase = "", defaultLoader = jdk.internal.loader.ClassLoaders$PlatformClassLoader@124a0282
2025-04-12T00:10:54.883-03:00 DEBUG 29541 --- [conectapro] [RMI TCP Connection(2)-127.0.0.1] sun.rmi.transport.tcp                    : RMI TCP Connection(2)-127.0.0.1: (port 36697) op = 84
2025-04-12T00:10:54.884-03:00 DEBUG 29541 --- [conectapro] [RMI TCP Connection(2)-127.0.0.1] sun.rmi.transport.tcp                    : RMI TCP Connection(2)-127.0.0.1: (port 36697) op = 80
2025-04-12T00:10:54.885-03:00 DEBUG 29541 --- [conectapro] [RMI TCP Connection(2)-127.0.0.1] sun.rmi.transport.tcp                    : RMI TCP Connection(2)-127.0.0.1: (port 36697) op = 80
2025-04-12T00:10:54.886-03:00 DEBUG 29541 --- [conectapro] [RMI TCP Connection(2)-127.0.0.1] sun.rmi.loader                           : RMI TCP Connection(2)-127.0.0.1: name = "javax.management.ObjectName", codebase = ""
2025-04-12T00:10:54.886-03:00 DEBUG 29541 --- [conectapro] [RMI TCP Connection(2)-127.0.0.1] sun.rmi.loader                           : RMI TCP Connection(2)-127.0.0.1: name = "java.rmi.MarshalledObject", codebase = ""
2025-04-12T00:10:54.888-03:00 DEBUG 29541 --- [conectapro] [RMI TCP Connection(2)-127.0.0.1] javax.management.remote.rmi              : connectionId=rmi://127.0.0.1  2 unwrapping params with MBean extended ClassLoader.
2025-04-12T00:10:54.888-03:00 DEBUG 29541 --- [conectapro] [RMI TCP Connection(2)-127.0.0.1] javax.management.remote.rmi              : connectionId=rmi://127.0.0.1  2, name=org.springframework.boot:type=Admin,name=SpringApplication, operationName=shutdown, signature=null
2025-04-12T00:10:54.888-03:00  INFO 29541 --- [conectapro] [RMI TCP Connection(2)-127.0.0.1] inMXBeanRegistrar$SpringApplicationAdmin : Application shutdown requested.
2025-04-12T00:10:54.888-03:00 DEBUG 29541 --- [conectapro] [RMI TCP Connection(2)-127.0.0.1] o.s.b.a.ApplicationAvailabilityBean      : Application availability state ReadinessState changed from ACCEPTING_TRAFFIC to REFUSING_TRAFFIC
2025-04-12T00:10:54.889-03:00 DEBUG 29541 --- [conectapro] [RMI TCP Connection(2)-127.0.0.1] ConfigServletWebServerApplicationContext : Closing org.springframework.boot.web.servlet.context.AnnotationConfigServletWebServerApplicationContext@2449cff7, started on Sat Apr 12 00:10:38 BRT 2025
2025-04-12T00:10:54.890-03:00 DEBUG 29541 --- [conectapro] [RMI TCP Connection(2)-127.0.0.1] o.s.c.support.DefaultLifecycleProcessor  : Stopping beans in phase 2147482623
2025-04-12T00:10:54.890-03:00  INFO 29541 --- [conectapro] [RMI TCP Connection(2)-127.0.0.1] o.s.b.w.e.tomcat.GracefulShutdown        : Commencing graceful shutdown. Waiting for active requests to complete
2025-04-12T00:10:54.892-03:00  INFO 29541 --- [conectapro] [tomcat-shutdown] o.s.b.w.e.tomcat.GracefulShutdown        : Graceful shutdown complete
2025-04-12T00:10:54.892-03:00 DEBUG 29541 --- [conectapro] [RMI TCP Connection(2)-127.0.0.1] o.s.c.support.DefaultLifecycleProcessor  : Stopping beans in phase 2147481599
2025-04-12T00:10:54.892-03:00 DEBUG 29541 --- [conectapro] [tomcat-shutdown] o.s.c.support.DefaultLifecycleProcessor  : Bean 'webServerGracefulShutdown' completed its stop procedure
2025-04-12T00:10:54.893-03:00 DEBUG 29541 --- [conectapro] [RMI TCP Connection(2)-127.0.0.1] o.s.c.support.DefaultLifecycleProcessor  : Bean 'webServerStartStop' completed its stop procedure
2025-04-12T00:10:54.893-03:00 DEBUG 29541 --- [conectapro] [RMI TCP Connection(2)-127.0.0.1] o.s.c.support.DefaultLifecycleProcessor  : Stopping beans in phase 1073741823
2025-04-12T00:10:54.893-03:00 DEBUG 29541 --- [conectapro] [RMI TCP Connection(2)-127.0.0.1] o.s.c.support.DefaultLifecycleProcessor  : Bean 'applicationTaskExecutor' completed its stop procedure
2025-04-12T00:10:54.893-03:00 DEBUG 29541 --- [conectapro] [RMI TCP Connection(2)-127.0.0.1] o.s.c.support.DefaultLifecycleProcessor  : Stopping beans in phase -2147483647
2025-04-12T00:10:54.893-03:00 DEBUG 29541 --- [conectapro] [RMI TCP Connection(2)-127.0.0.1] o.s.c.support.DefaultLifecycleProcessor  : Bean 'springBootLoggingLifecycle' completed its stop procedure
2025-04-12T00:10:54.894-03:00 DEBUG 29541 --- [conectapro] [RMI TCP Connection(2)-127.0.0.1] o.s.j.e.a.AnnotationMBeanExporter        : Unregistering JMX-exposed beans on shutdown
2025-04-12T00:10:54.894-03:00 DEBUG 29541 --- [conectapro] [RMI TCP Connection(2)-127.0.0.1] o.s.j.e.a.AnnotationMBeanExporter        : Unregistering JMX-exposed beans
2025-04-12T00:10:54.895-03:00 DEBUG 29541 --- [conectapro] [RMI TCP Connection(2)-127.0.0.1] o.s.s.concurrent.ThreadPoolTaskExecutor  : Shutting down ExecutorService 'applicationTaskExecutor'
2025-04-12T00:10:54.895-03:00  INFO 29541 --- [conectapro] [RMI TCP Connection(2)-127.0.0.1] j.LocalContainerEntityManagerFactoryBean : Closing JPA EntityManagerFactory for persistence unit 'default'
2025-04-12T00:10:54.895-03:00 DEBUG 29541 --- [conectapro] [RMI TCP Connection(2)-127.0.0.1] o.hibernate.internal.SessionFactoryImpl  : HHH000031: Closing
2025-04-12T00:10:54.895-03:00 DEBUG 29541 --- [conectapro] [RMI TCP Connection(2)-127.0.0.1] o.h.type.spi.TypeConfiguration$Scope     : Un-scoping TypeConfiguration [org.hibernate.type.spi.TypeConfiguration$Scope@2d7fccad] from SessionFactory [org.hibernate.internal.SessionFactoryImpl@77ad2767]
2025-04-12T00:10:54.895-03:00 DEBUG 29541 --- [conectapro] [RMI TCP Connection(2)-127.0.0.1] o.h.s.i.AbstractServiceRegistryImpl      : Implicitly destroying ServiceRegistry on de-registration of all child ServiceRegistries
2025-04-12T00:10:54.896-03:00 DEBUG 29541 --- [conectapro] [RMI TCP Connection(2)-127.0.0.1] o.h.b.r.i.BootstrapServiceRegistryImpl   : Implicitly destroying Boot-strap registry on de-registration of all child ServiceRegistries
2025-04-12T00:10:54.896-03:00  INFO 29541 --- [conectapro] [RMI TCP Connection(2)-127.0.0.1] com.zaxxer.hikari.HikariDataSource       : HikariPool-1 - Shutdown initiated...
2025-04-12T00:10:54.897-03:00 DEBUG 29541 --- [conectapro] [RMI TCP Connection(2)-127.0.0.1] com.zaxxer.hikari.pool.HikariPool        : HikariPool-1 - Before shutdown stats (total=10, active=0, idle=10, waiting=0)
2025-04-12T00:10:54.897-03:00 DEBUG 29541 --- [conectapro] [HikariPool-1 connection closer] com.zaxxer.hikari.pool.PoolBase          : HikariPool-1 - Closing connection com.mysql.cj.jdbc.ConnectionImpl@ccd000e: (connection evicted)
2025-04-12T00:10:54.900-03:00 DEBUG 29541 --- [conectapro] [HikariPool-1 connection closer] com.zaxxer.hikari.pool.PoolBase          : HikariPool-1 - Closing connection com.mysql.cj.jdbc.ConnectionImpl@22a41662: (connection evicted)
2025-04-12T00:10:54.900-03:00 DEBUG 29541 --- [conectapro] [HikariPool-1 connection closer] com.zaxxer.hikari.pool.PoolBase          : HikariPool-1 - Closing connection com.mysql.cj.jdbc.ConnectionImpl@63991c59: (connection evicted)
2025-04-12T00:10:54.900-03:00 DEBUG 29541 --- [conectapro] [HikariPool-1 connection closer] com.zaxxer.hikari.pool.PoolBase          : HikariPool-1 - Closing connection com.mysql.cj.jdbc.ConnectionImpl@523019d9: (connection evicted)
2025-04-12T00:10:54.900-03:00 DEBUG 29541 --- [conectapro] [HikariPool-1 connection closer] com.zaxxer.hikari.pool.PoolBase          : HikariPool-1 - Closing connection com.mysql.cj.jdbc.ConnectionImpl@3b6e316: (connection evicted)
2025-04-12T00:10:54.900-03:00 DEBUG 29541 --- [conectapro] [HikariPool-1 connection closer] com.zaxxer.hikari.pool.PoolBase          : HikariPool-1 - Closing connection com.mysql.cj.jdbc.ConnectionImpl@2952b9f4: (connection evicted)
2025-04-12T00:10:54.900-03:00 DEBUG 29541 --- [conectapro] [HikariPool-1 connection closer] com.zaxxer.hikari.pool.PoolBase          : HikariPool-1 - Closing connection com.mysql.cj.jdbc.ConnectionImpl@7f89c11: (connection evicted)
2025-04-12T00:10:54.900-03:00 DEBUG 29541 --- [conectapro] [HikariPool-1 connection closer] com.zaxxer.hikari.pool.PoolBase          : HikariPool-1 - Closing connection com.mysql.cj.jdbc.ConnectionImpl@34e43a99: (connection evicted)
2025-04-12T00:10:54.900-03:00 DEBUG 29541 --- [conectapro] [HikariPool-1 connection closer] com.zaxxer.hikari.pool.PoolBase          : HikariPool-1 - Closing connection com.mysql.cj.jdbc.ConnectionImpl@5744ce8c: (connection evicted)
2025-04-12T00:10:54.901-03:00 DEBUG 29541 --- [conectapro] [HikariPool-1 connection closer] com.zaxxer.hikari.pool.PoolBase          : HikariPool-1 - Closing connection com.mysql.cj.jdbc.ConnectionImpl@677a69e7: (connection evicted)
2025-04-12T00:10:54.901-03:00 DEBUG 29541 --- [conectapro] [RMI TCP Connection(2)-127.0.0.1] com.zaxxer.hikari.pool.HikariPool        : HikariPool-1 - After shutdown stats (total=0, active=0, idle=0, waiting=0)
2025-04-12T00:10:54.901-03:00  INFO 29541 --- [conectapro] [RMI TCP Connection(2)-127.0.0.1] com.zaxxer.hikari.HikariDataSource       : HikariPool-1 - Shutdown completed.
